{"type": "FeatureCollection", "name": "yellow_river_floodplain_boundary", "crs": {"type": "name", "properties": {"name": "urn:ogc:def:crs:OGC:1.3:CRS84"}}, "bbox": [112.17728717599911, 34.237111969399216, 116.67838161226449, 36.4542015263657], "features": [{"type": "Feature", "properties": {"name": "Yellow River floodplain clipped raster boundary", "source": "data/raw/智能体数据集_黄河滩区边界裁剪结果/智能体数据集_黄河滩区边界裁剪结果_最终/1.土地利用_CLCD_30m/CLCD_2025_黄河滩区中下游边界.tif"}, "geometry": {"type": "Polygon", "coordinates": [[[115.6021866, 35.9247081], [115.6021505, 35.9244441], [115.6024871, 35.9244158], [115.6025232, 35.9246798], [115.6021866, 35.9247081]]]}}, {"type": "Feature", "properties": {"name": "Yellow River floodplain clipped raster boundary", "source": "data/raw/智能体数据集_黄河滩区边界裁剪结果/智能体数据集_黄河滩区边界裁剪结果_最终/1.土地利用_CLCD_30m/CLCD_2025_黄河滩区中下游边界.tif"}, "geometry": {"type": "Polygon", "coordinates": [[[116.2179671, 36.171428], [116.2149993, 36.1698213], [116.2050212, 36.1693698], [116.1665853, 36.1730356], [116.1623447, 36.1720743], [116.1596012, 36.1696452], [116.1605648, 36.1644849], [116.1617949, 36.161171], [116.1620725, 36.1512631], [116.1595094, 36.1453455], [116.1573274, 36.1420655], [116.155336, 36.1401042], [116.1524468, 36.1390235], [116.1370751, 36.1390427], [116.1291256, 36.138407], [116.121851, 36.1377115], [116.1182876, 36.1366893], [116.1163731, 36.135255], [116.1144967, 36.1340844], [116.1125824, 36.13265], [116.1101753, 36.1277865], [116.1074654, 36.1208128], [116.1051006, 36.1186166], [116.1028874, 36.1174754], [116.1006743, 36.1163342], [116.0984613, 36.115193], [116.0962483, 36.1140518], [116.0943349, 36.1126171], [116.0840653, 36.1124496], [116.0805036, 36.1114263], [116.0772792, 36.1103734], [116.0737176, 36.10935], [116.0691443, 36.1084151], [116.0649084, 36.1074504], [116.0596609, 36.1065742], [116.0544134, 36.1056978], [116.0511519, 36.1043804], [116.0490511, 36.1016261], [116.046988, 36.0991355], [116.0450005, 36.0971725], [116.0429001, 36.094418], [116.0408374, 36.0919273], [116.0388126, 36.0897004], [116.0367502, 36.0872097], [116.034688, 36.0847189], [116.0325506, 36.0817004], [116.0304887, 36.0792096], [116.0285397, 36.0775101], [116.0265531, 36.0755467], [116.0246043, 36.0738472], [116.022618, 36.0718838], [116.0206318, 36.0699204], [116.0186456, 36.0679569], [116.0167347, 36.0665211], [116.0147863, 36.0648214], [116.012838, 36.0631216], [116.0109273, 36.0616857], [116.0090167, 36.0602497], [116.0071062, 36.0588137], [116.0052332, 36.0576414], [116.0030233, 36.0564985], [116.0011505, 36.0553262], [115.9989406, 36.0541833], [115.9970679, 36.0530109], [115.9951952, 36.0518385], [115.9933226, 36.0506661], [115.9914501, 36.0494937], [115.9895776, 36.0483212], [115.9876677, 36.0468849], [115.9853834, 36.045214], [115.9764337, 36.0446567], [115.9711914, 36.0437768], [115.9672973, 36.0427796], [115.9600331, 36.0420748], [115.9561392, 36.0410773], [115.9529194, 36.0400212], [115.9496997, 36.038965], [115.94648, 36.0379088], [115.9432605, 36.0368525], [115.9403781, 36.0357669], [115.9378327, 36.034652], [115.9349504, 36.0335663], [115.9324052, 36.0324513], [115.9301598, 36.0310433], [115.9282886, 36.0298699], [115.9264176, 36.0286965], [115.9245093, 36.0272592], [115.922564, 36.0255581], [115.9206559, 36.0241207], [115.9187106, 36.0224195], [115.9168027, 36.0209821], [115.914932, 36.0198085], [115.9130614, 36.0186349], [115.9085302, 36.0203617], [115.9046726, 36.0220302], [115.8998041, 36.0237858], [115.8962832, 36.0254249], [115.8909288, 36.0261538], [115.8873735, 36.0251251], [115.8844923, 36.0240383], [115.8816111, 36.0229513], [115.87873, 36.0218643], [115.876186, 36.0207482], [115.8736421, 36.0196321], [115.8710982, 36.0185159], [115.8682174, 36.0174286], [115.8653367, 36.0163413], [115.8634669, 36.0151669], [115.8616419, 36.009449], [115.8595503, 36.0066914], [115.8576069, 36.0049892], [115.8556635, 36.0032871], [115.8457089, 36.0028074], [115.8405033, 36.0045897], [115.8383297, 36.0061115], [115.8361559, 36.0076332], [115.8339821, 36.009155], [115.8318082, 36.0106767], [115.8243588, 36.0110485], [115.8106971, 36.0108837], [115.8071436, 36.0098528], [115.8039271, 36.0087929], [115.801948, 36.006826], [115.7995643, 36.0019564], [115.796844, 35.9971156], [115.7946815, 35.9938291], [115.7925928, 35.9910705], [115.7906512, 35.9893673], [115.7887097, 35.987664], [115.786805, 35.9862247], [115.7842634, 35.9851067], [115.7809318, 35.9856583], [115.7777469, 35.9872654], [115.7738214, 35.9859984], [115.7730809, 35.9831243], [115.774845, 35.9811046], [115.777356, 35.9795551], [115.7788198, 35.977828], [115.7765852, 35.9740135], [115.7746077, 35.9720461], [115.7724836, 35.9690232], [115.7702129, 35.9649446], [115.7682357, 35.9629772], [115.766332, 35.9615375], [115.7637549, 35.9601552], [115.7612146, 35.9590368], [115.7583376, 35.957947], [115.7551239, 35.9568859], [115.7519103, 35.9558247], [115.7486968, 35.9547633], [115.7454834, 35.953702], [115.7426068, 35.9526118], [115.740067, 35.951493], [115.7375273, 35.9503741], [115.7333041, 35.9493983], [115.7297545, 35.9483652], [115.7265416, 35.9473033], [115.7119541, 35.9477416], [115.6987862, 35.9485918], [115.6949004, 35.9475863], [115.6926981, 35.9464379], [115.6906506, 35.9439414], [115.6875481, 35.9337912], [115.685683, 35.9326142], [115.6831446, 35.9314942], [115.6802697, 35.9304026], [115.6750385, 35.9295105], [115.670144, 35.9285896], [115.6655862, 35.92764], [115.655715, 35.9276733], [115.6470092, 35.9262725], [115.6450361, 35.9243031], [115.6429908, 35.9218058], [115.6400443, 35.9201854], [115.6368339, 35.9191213], [115.6301379, 35.9199528], [115.6219033, 35.9219814], [115.6101576, 35.9232369], [115.5980026, 35.9239918], [115.5931093, 35.9230679], [115.5875429, 35.9222004], [115.5839965, 35.9211631], [115.5811233, 35.9200693], [115.5785509, 35.9186832], [115.5766518, 35.9172407], [115.5744521, 35.9160903], [115.5725891, 35.9149116], [115.5707262, 35.9137329], [115.5688633, 35.9125541], [115.5669286, 35.9108475], [115.5650299, 35.9094047], [115.5631672, 35.9082259], [115.5608961, 35.9065473], [115.5590336, 35.9053684], [115.5568345, 35.9042177], [115.554299, 35.9030951], [115.5517635, 35.9019724], [115.5499012, 35.9007934], [115.548003, 35.8993504], [115.5461408, 35.8981713], [115.5442428, 35.8967283], [115.5420084, 35.8953133], [115.5401464, 35.8941341], [115.5379479, 35.8929831], [115.535413, 35.8918601], [115.530859, 35.8909057], [115.523613, 35.8901758], [115.5180497, 35.8893052], [115.5128231, 35.8884063], [115.5089426, 35.887395], [115.5060718, 35.8862995], [115.502528, 35.8852599], [115.4989844, 35.8842203], [115.4961138, 35.8831245], [115.4935798, 35.8820007], [115.4910459, 35.8808768], [115.488512, 35.8797529], [115.4856417, 35.8786569], [115.4807527, 35.8777287], [115.4762002, 35.8767723], [115.4740032, 35.8756201], [115.4721427, 35.8744399], [115.4699458, 35.8732877], [115.4677489, 35.8721354], [115.465497, 35.8680512], [115.4622911, 35.8669826], [115.4600945, 35.8658302], [115.4562159, 35.8648172], [115.451328, 35.8638879], [115.4491317, 35.8627353], [115.4472719, 35.8615547], [115.4453766, 35.8601101], [115.4432683, 35.8570815], [115.4412667, 35.8548449], [115.4393362, 35.8531363], [115.4373348, 35.8508996], [115.435298, 35.8483988], [115.4332259, 35.8456341], [115.4311539, 35.8428693], [115.4291175, 35.8403684], [115.4270103, 35.8373395], [115.4248679, 35.8340466], [115.4227965, 35.8312816], [115.4205661, 35.8298645], [115.418035, 35.8287391], [115.4155039, 35.8276137], [115.4136454, 35.8264326], [115.4116808, 35.8244595], [115.4095394, 35.8211663], [115.4073627, 35.8176091], [115.405257, 35.8145798], [115.4031162, 35.8112865], [115.4011169, 35.8090491], [115.3985866, 35.8079234], [115.3967289, 35.806742], [115.3941988, 35.8056162], [115.3923412, 35.8044348], [115.3903777, 35.8024613], [115.3881487, 35.8010436], [115.3852828, 35.7999453], [115.3827531, 35.7988192], [115.3798873, 35.7977207], [115.3773225, 35.7963305], [115.3753948, 35.7946208], [115.3734672, 35.7929111], [115.3712388, 35.7914931], [115.3667632, 35.7910608], [115.3642885, 35.7877944], [115.3622909, 35.7855565], [115.3601174, 35.7819983], [115.3582609, 35.7808164], [115.355697, 35.7794258], [115.3538211, 35.7806477], [115.3523164, 35.7821061], [115.3504756, 35.783592], [115.3473253, 35.7854524], [115.3434674, 35.7871039], [115.3412902, 35.7886173], [115.3391128, 35.7901307], [115.3369353, 35.791644], [115.3340855, 35.7932125], [115.3316068, 35.7950173], [115.3283503, 35.7960852], [115.3263184, 35.7935826], [115.3243569, 35.7916081], [115.3224656, 35.7901617], [115.3205042, 35.7881871], [115.318578, 35.7864765], [115.3163157, 35.7847935], [115.3134514, 35.7836935], [115.3112594, 35.7825385], [115.3094036, 35.7813558], [115.3068756, 35.7802282], [115.3040115, 35.7791281], [115.2977864, 35.7783027], [115.2901955, 35.7799909], [115.2891092, 35.784617], [115.2864951, 35.7931046], [115.2829585, 35.7920589], [115.2797582, 35.7909856], [115.2768941, 35.7898849], [115.2747025, 35.7887292], [115.2728122, 35.787282], [115.271743, 35.7817642], [115.2686922, 35.776675], [115.2597787, 35.7760671], [115.2569154, 35.7749659], [115.2537162, 35.7738919], [115.2418477, 35.7740571], [115.2384286, 35.7764703], [115.2397041, 35.7835727], [115.2378494, 35.782389], [115.2358903, 35.7804131], [115.2339314, 35.7784372], [115.2317407, 35.7772808], [115.2288779, 35.7761789], [115.2256789, 35.7751042], [115.2231524, 35.7739749], [115.2212634, 35.772527], [115.219073, 35.7713703], [115.2171495, 35.7696582], [115.2151913, 35.767682], [115.2132332, 35.7657057], [115.2113446, 35.7642576], [115.2093867, 35.7622812], [115.2074982, 35.7608331], [115.2056445, 35.7596489], [115.2037562, 35.7582006], [115.2012304, 35.7570709], [115.1990409, 35.7559139], [115.1968513, 35.7547568], [115.1949979, 35.7535725], [115.1918004, 35.752497], [115.188939, 35.7513942], [115.1857416, 35.7503185], [115.1822083, 35.74927], [115.177667, 35.7483028], [115.1727898, 35.7473626], [115.1617353, 35.7485223], [115.1595556, 35.7500326], [115.1577463, 35.7517799], [115.1562385, 35.7532359], [115.1534209, 35.7550644], [115.1495605, 35.75671], [115.1440194, 35.7584909], [115.1398225, 35.7601633], [115.137306, 35.7617003], [115.133781, 35.7633184], [115.1306263, 35.7651734], [115.1264288, 35.7668454], [115.1240337, 35.7641025], [115.122078, 35.7621248], [115.1201224, 35.7601471], [115.1180981, 35.7576412], [115.1160053, 35.754607], [115.1140501, 35.7526292], [115.1120949, 35.7506514], [115.1101742, 35.7489376], [115.1082879, 35.7474879], [115.1061, 35.7463293], [115.1039121, 35.7451706], [115.1000441, 35.7441467], [115.0961762, 35.7431227], [115.0936525, 35.7419908], [115.0917667, 35.7405409], [115.0897439, 35.7380344], [115.087824, 35.7363203], [115.0853904, 35.7306445], [115.0824222, 35.7260789], [115.0367625, 35.7299952], [114.9936508, 35.7326249], [114.9907557, 35.7285855], [114.987685, 35.7178891], [114.9848864, 35.7093058], [114.9823196, 35.6972352], [114.9797594, 35.6905007], [114.97613, 35.6886539], [114.9672289, 35.6880252], [114.9585983, 35.6895092], [114.9530577, 35.6912818], [114.949532, 35.6928948], [114.9449986, 35.6945873], [114.9385157, 35.6942991], [114.9353241, 35.6932171], [114.9314609, 35.692188], [114.9289413, 35.6910528], [114.9244065, 35.6900765], [114.9168491, 35.6893384], [114.9132524, 35.6770815], [114.9138884, 35.6687601], [114.9121411, 35.6630278], [114.9099585, 35.6618657], [114.9057614, 35.6608623], [114.903881, 35.6594095], [114.9017991, 35.6563716], [114.8999186, 35.6495825], [114.8963937, 35.6485259], [114.8911905, 35.6476012], [114.8839731, 35.6468347], [114.8814221, 35.6454343], [114.8789729, 35.6394901], [114.876859, 35.6361876], [114.8749128, 35.634206], [114.8730001, 35.6324886], [114.8710876, 35.6307711], [114.8692103, 35.6239814], [114.870654, 35.6220003], [114.8738425, 35.6204158], [114.8762927, 35.6183557], [114.8776021, 35.6153178], [114.8773025, 35.6049355], [114.8785446, 35.6013693], [114.8826381, 35.5989129], [114.8851544, 35.5973809], [114.8873352, 35.5958752], [114.8898513, 35.5943431], [114.8916964, 35.5928637], [114.8942124, 35.5913315], [114.8963928, 35.5898257], [114.8985731, 35.5883198], [114.9017597, 35.5867346], [114.9197045, 35.5839849], [114.9405333, 35.5826054], [114.949085, 35.5805942], [114.9515995, 35.5790609], [114.9534093, 35.5773164], [114.9547825, 35.5748061], [114.9564572, 35.5720049], [114.9575603, 35.5673811], [114.9587307, 35.5632857], [114.9599009, 35.5591902], [114.9600924, 35.5474338], [114.9610936, 35.5420175], [114.9624322, 35.5392428], [114.9631631, 35.531713], [114.9637927, 35.5233907], [114.9616693, 35.5094161], [114.9594543, 35.5053223], [114.9565715, 35.5039499], [114.9517122, 35.5030011], [114.9475231, 35.5019989], [114.9456794, 35.5008108], [114.9438358, 35.4996227], [114.9419923, 35.4984345], [114.9401488, 35.4972463], [114.9382717, 35.4957939], [114.9363274, 35.4938131], [114.9337442, 35.4868127], [114.9346792, 35.480868], [114.9371908, 35.4793349], [114.945531, 35.4784071], [114.9493838, 35.4794359], [114.9569213, 35.4801722], [114.9657988, 35.4808016], [114.9665675, 35.4788725], [114.9644879, 35.4758354], [114.962332, 35.4615963], [114.9612555, 35.4558109], [114.9591431, 35.4525094], [114.9569298, 35.4484154], [114.957193, 35.4425236], [114.9589659, 35.4405148], [114.9611408, 35.4390077], [114.9667309, 35.4377629], [114.9735923, 35.4358829], [114.9757669, 35.4343756], [114.9770356, 35.4310722], [114.9780679, 35.4259196], [114.9792013, 35.4215594], [114.9803684, 35.4174635], [114.9788244, 35.4133165], [114.9769823, 35.4121287], [114.9750729, 35.4104126], [114.9731635, 35.4086965], [114.9712542, 35.4069803], [114.9693787, 35.4055283], [114.9674696, 35.403812], [114.9652596, 35.4023866], [114.9633843, 35.4009344], [114.9614418, 35.3989539], [114.9593309, 35.3956524], [114.9572875, 35.3928792], [114.9553117, 35.3906344], [114.9533696, 35.3886537], [114.9514612, 35.3869372], [114.9492183, 35.3852473], [114.9473438, 35.3837949], [114.9450003, 35.3813123], [114.9401502, 35.3830315], [114.9245941, 35.3855989], [114.9105758, 35.3869753], [114.9007059, 35.3890898], [114.8965236, 35.3907545], [114.885783, 35.3913354], [114.8792585, 35.3905157], [114.8684512, 35.3905667], [114.8603206, 35.3904062], [114.8537965, 35.3895851], [114.8516223, 35.3884219], [114.8491136, 35.3872849], [114.8469395, 35.3861215], [114.8451001, 35.3849319], [114.8429262, 35.3837684], [114.8407191, 35.3823408], [114.8388133, 35.3806226], [114.8368412, 35.3783759], [114.8349023, 35.3763933], [114.8329636, 35.3744108], [114.8310915, 35.3729567], [114.8292194, 35.3715026], [114.8273806, 35.3703126], [114.8255419, 35.3691227], [114.8230342, 35.3679851], [114.820861, 35.3668213], [114.8179857, 35.3654457], [114.8161141, 35.3639913], [114.8142425, 35.362537], [114.8123378, 35.3608183], [114.8104995, 35.3596281], [114.8079923, 35.3584903], [114.8058197, 35.3573262], [114.8043192, 35.3534412], [114.8032226, 35.3473898], [114.8007159, 35.3462518], [114.7962027, 35.3452708], [114.792024, 35.3442634], [114.787511, 35.343282], [114.7816604, 35.3424049], [114.7754755, 35.3415537], [114.7706285, 35.3405978], [114.7642414, 35.3408291], [114.7610621, 35.342411], [114.7572138, 35.344045], [114.7532334, 35.3446219], [114.7513635, 35.3431665], [114.747487, 35.3418674], [114.7392248, 35.3433106], [114.7259454, 35.3451429], [114.7197609, 35.3442889], [114.7115699, 35.3435903], [114.7067235, 35.3426319], [114.703215, 35.3415697], [114.6950243, 35.34087], [114.6928538, 35.339704], [114.6918971, 35.3347087], [114.6933399, 35.3327294], [114.6957859, 35.3306723], [114.6939447, 35.3185417], [114.691239, 35.304877], [114.6890439, 35.3007779], [114.6872089, 35.2995859], [114.6853412, 35.2981295], [114.6834409, 35.2964089], [114.6812065, 35.294714], [114.6793717, 35.2935219], [114.6768685, 35.2923814], [114.667012, 35.291809], [114.6522723, 35.2926797], [114.6477556, 35.2943619], [114.6422359, 35.2961213], [114.6326394, 35.2976605], [114.6259862, 35.2984391], [114.6195372, 35.2981344], [114.6167004, 35.2970184], [114.6131952, 35.2959537], [114.6080187, 35.2950172], [114.6045136, 35.2939522], [114.6023458, 35.2927846], [114.5998438, 35.2916426], [114.5976761, 35.2904748], [114.595476, 35.2890428], [114.5929742, 35.2879006], [114.5908067, 35.2867328], [114.5873023, 35.2856673], [114.5837979, 35.2846018], [114.5812964, 35.2834594], [114.5784608, 35.2823425], [114.5742882, 35.2813278], [114.5697816, 35.2803386], [114.5652751, 35.2793492], [114.5624398, 35.2782319], [114.5575992, 35.2772678], [114.5557345, 35.2758095], [114.5537731, 35.2735582], [114.5518762, 35.2718355], [114.549915, 35.2695842], [114.5479216, 35.2670685], [114.5459929, 35.2650814], [114.5440642, 35.2630943], [114.5413625, 35.2547634], [114.5388868, 35.2482826], [114.5367656, 35.2447094], [114.5348376, 35.2427222], [114.5329741, 35.2412635], [114.5301407, 35.2401455], [114.5273073, 35.2390274], [114.5248081, 35.2378839], [114.5223089, 35.2367402], [114.5194758, 35.235622], [114.5133021, 35.2347578], [114.509467, 35.2337155], [114.5063001, 35.2326224], [114.5044695, 35.2314276], [114.5019708, 35.2302836], [114.4988042, 35.2291903], [114.4968776, 35.2272024], [114.4949831, 35.2254788], [114.4930888, 35.2237552], [114.4912585, 35.2225602], [114.4894284, 35.2213653], [114.4873421, 35.2180555], [114.484936, 35.2121023], [114.4809885, 35.2073329], [114.4785088, 35.2091216], [114.4763309, 35.2106205], [114.4731511, 35.2121953], [114.4699711, 35.21377], [114.4651211, 35.215471], [114.4579328, 35.2173487], [114.4510933, 35.2165319], [114.445924, 35.2155887], [114.4434267, 35.2144435], [114.4415974, 35.2132478], [114.4396408, 35.2109947], [114.4375888, 35.2079484], [114.4356643, 35.2059596], [114.4305594, 35.2055444], [114.4267427, 35.2074327], [114.4271085, 35.2132738], [114.4269654, 35.2204871], [114.4175329, 35.2233317], [114.4143513, 35.224905], [114.4129035, 35.2268813], [114.4087195, 35.2285298], [114.4035499, 35.2275848], [114.3990485, 35.2265894], [114.3942131, 35.2256189], [114.3920186, 35.2241833], [114.3899998, 35.2214006], [114.3887125, 35.2190965], [114.3900024, 35.2157987], [114.3898294, 35.2115437], [114.3879377, 35.2098185], [114.3860144, 35.2078289], [114.3833947, 35.2000231], [114.3811552, 35.1953896], [114.3792324, 35.1933999], [114.3772149, 35.190617], [114.377837, 35.1873693], [114.3790319, 35.1832784], [114.3815447, 35.1817561], [114.3840574, 35.1802338], [114.3839165, 35.1762431], [114.3820574, 35.1747821], [114.3794674, 35.1728424], [114.3775136, 35.1705883], [114.3756548, 35.1691272], [114.3736379, 35.1663442], [114.3714455, 35.1649081], [114.3641333, 35.165723], [114.3623514, 35.1677237], [114.3611559, 35.1718145], [114.3597076, 35.1737902], [114.35419, 35.175537], [114.3506937, 35.1744648], [114.3481991, 35.1733177], [114.3463092, 35.1715918], [114.3425109, 35.1708088], [114.3406969, 35.1725448], [114.3406089, 35.1802869], [114.3384293, 35.1817835], [114.3342461, 35.1834296], [114.3300628, 35.1850756], [114.3259108, 35.1869858], [114.3205368, 35.1871198], [114.3128252, 35.1874278], [114.309329, 35.1863545], [114.3072199, 35.1827773], [114.3047971, 35.1765561], [114.3027199, 35.1732431], [114.2994126, 35.173756], [114.2947698, 35.174368], [114.2928811, 35.1726413], [114.2908984, 35.1701214], [114.2887906, 35.1665438], [114.2866516, 35.1627018], [114.2838241, 35.1530429], [114.2819674, 35.1515804], [114.2764706, 35.1506549], [114.2729765, 35.1495806], [114.2709951, 35.1470603], [114.2698174, 35.139946], [114.2673989, 35.1337239], [114.2653556, 35.1306746], [114.2632188, 35.1268321], [114.2610821, 35.1229896], [114.2590393, 35.1199403], [114.2571215, 35.1179486], [114.2549636, 35.1167748], [114.2521386, 35.1156504], [114.2503146, 35.1144519], [114.2484906, 35.1132533], [114.2459059, 35.1113108], [114.2434239, 35.1130949], [114.240577, 35.1146392], [114.2312663, 35.1155944], [114.2201007, 35.1150855], [114.2087257, 35.1156579], [114.2022313, 35.1148029], [114.1837877, 35.1153602], [114.1792093, 35.1164969], [114.1777576, 35.1184705], [114.1759102, 35.1199398], [114.1730617, 35.1214825], [114.1668144, 35.1227413], [114.1636567, 35.1216394], [114.1522804, 35.1222067], [114.148764, 35.1237978], [114.1462485, 35.1253155], [114.1433992, 35.1268575], [114.139215, 35.1284972], [114.1346968, 35.1301611], [114.1308459, 35.1317761], [114.1283298, 35.1332934], [114.1264812, 35.134762], [114.1246632, 35.1364949], [114.122876, 35.1384923], [114.1210271, 35.1399607], [114.1181768, 35.1415022], [114.115994, 35.1429949], [114.1145708, 35.1452323], [114.1107188, 35.1468466], [114.0975196, 35.1491416], [114.0913302, 35.1509254], [114.0878113, 35.1525148], [114.0863259, 35.1542229], [114.0848711, 35.1561954], [114.0835081, 35.1589613], [114.0809903, 35.1604776], [114.0788062, 35.1619697], [114.072493, 35.1626948], [114.07064, 35.1612292], [114.0687259, 35.1592346], [114.0668731, 35.157769], [114.0586179, 35.1591676], [114.0557657, 35.1607076], [114.0529134, 35.1622476], [114.0493931, 35.1638359], [114.0452049, 35.1654723], [114.0367657, 35.1652827], [114.0345794, 35.1638407], [114.027203, 35.164107], [114.0146056, 35.1658161], [114.0026147, 35.1669468], [113.9987593, 35.1685577], [113.9974234, 35.1715871], [113.9956624, 35.1738471], [113.9941443, 35.1752896], [113.9909563, 35.1768522], [113.9887701, 35.1783426], [113.9869178, 35.1798091], [113.9849447, 35.1772843], [113.9811195, 35.1762259], [113.9730738, 35.1765369], [113.9678813, 35.1782427], [113.9584994, 35.1786486], [113.9506666, 35.1778764], [113.9487552, 35.17588], [113.9455682, 35.1745082], [113.9427456, 35.1733769], [113.9402268, 35.1719572], [113.9374044, 35.1708258], [113.9195535, 35.1707674], [113.9113879, 35.1700165], [113.907564, 35.1689559], [113.9047421, 35.1678237], [113.9025281, 35.1661149], [113.9010759, 35.1622188], [113.8974557, 35.1451452], [113.8954265, 35.1420899], [113.8935773, 35.1406217], [113.8914243, 35.1394417], [113.8866006, 35.1384517], [113.8806213, 35.1391433], [113.8793803, 35.1370984], [113.8808099, 35.1348638], [113.8822994, 35.1331581], [113.8837888, 35.1314524], [113.8852182, 35.1292177], [113.8827962, 35.1256569], [113.8803099, 35.1245005], [113.8778238, 35.123344], [113.8753377, 35.1221874], [113.8728517, 35.1210308], [113.8706996, 35.1198504], [113.8685475, 35.11867], [113.8667292, 35.1174659], [113.8645773, 35.1162854], [113.8624254, 35.1151049], [113.8599398, 35.113948], [113.8574543, 35.1127911], [113.8555468, 35.1107933], [113.8534604, 35.1072083], [113.850867, 35.0991264], [113.8457127, 35.0981584], [113.8440799, 35.0956076], [113.8459031, 35.0938787], [113.8457896, 35.0898872], [113.8425186, 35.0877192], [113.8359351, 35.088985], [113.8310791, 35.0906616], [113.8269265, 35.089622], [113.8194375, 35.0888179], [113.8080042, 35.0888249], [113.8061282, 35.0870908], [113.8039556, 35.0827113], [113.8014868, 35.0756865], [113.7991887, 35.0731821], [113.7957046, 35.0720945], [113.7884544, 35.0734048], [113.7869641, 35.0751095], [113.7855032, 35.0770786], [113.7843383, 35.0816931], [113.7831436, 35.0860431], [113.7817121, 35.0882767], [113.7802213, 35.0899813], [113.77876, 35.0919503], [113.7749037, 35.0935544], [113.7693788, 35.0952755], [113.7632246, 35.0943743], [113.7574042, 35.0934495], [113.7525851, 35.0924542], [113.7480997, 35.0914354], [113.7436145, 35.0904164], [113.7401304, 35.0893272], [113.7382854, 35.0878566], [113.7364698, 35.0866506], [113.733987, 35.0854912], [113.7301696, 35.084425], [113.7266859, 35.0833355], [113.7238697, 35.0821992], [113.7217209, 35.0810162], [113.7189048, 35.0798798], [113.7169135, 35.0770862], [113.7181998, 35.0735305], [113.7196329, 35.0712976], [113.7218212, 35.0698117], [113.7236759, 35.0683491], [113.7258346, 35.0665986], [113.7256685, 35.0620778], [113.7238538, 35.0608715], [113.7210384, 35.0597352], [113.717556, 35.0586453], [113.7137401, 35.0575787], [113.7112184, 35.0590877], [113.7098146, 35.0615851], [113.7083228, 35.0632888], [113.7065266, 35.0652803], [113.7040632, 35.0673183], [113.6999721, 35.0668036], [113.6938209, 35.065899], [113.6848431, 35.0667904], [113.664464, 35.0679395], [113.6616493, 35.0668018], [113.6595018, 35.0656178], [113.6566871, 35.06448], [113.6538726, 35.0633421], [113.6503909, 35.0622504], [113.6482437, 35.0610662], [113.6470946, 35.0536811], [113.6481798, 35.0482741], [113.649527, 35.0452482], [113.6507284, 35.0408994], [113.6490288, 35.0346188], [113.6471868, 35.0331468], [113.6420392, 35.0321704], [113.6390984, 35.0390388], [113.6377218, 35.0418001], [113.6362578, 35.0437675], [113.6347647, 35.0454704], [113.6332425, 35.0469086], [113.6313867, 35.0483699], [113.6299224, 35.0503373], [113.6284291, 35.05204], [113.6269938, 35.0542719], [113.6244705, 35.0557792], [113.62128, 35.0573325], [113.6199896, 35.0608872], [113.6185539, 35.063119], [113.6171181, 35.0653508], [113.6156532, 35.067318], [113.6141882, 35.0692851], [113.6128392, 35.0723106], [113.6115772, 35.0761298], [113.610286, 35.0796844], [113.6090818, 35.0840327], [113.6076743, 35.0865289], [113.6062668, 35.0890251], [113.6048302, 35.0912567], [113.6035965, 35.0953403], [113.6021887, 35.0978365], [113.6008097, 35.1005972], [113.5996046, 35.1049453], [113.5983994, 35.1092934], [113.597194, 35.1136416], [113.5958726, 35.1169313], [113.5945511, 35.1202211], [113.5931715, 35.1229816], [113.5917629, 35.1254776], [113.5903831, 35.1282382], [113.5889164, 35.1302049], [113.5874206, 35.1319071], [113.5817732, 35.1325616], [113.5759521, 35.1316283], [113.5731363, 35.1304887], [113.5706545, 35.1293261], [113.567505, 35.1282092], [113.5610167, 35.127321], [113.5578509, 35.1291372], [113.5590505, 35.1370519], [113.5572777, 35.1393057], [113.5453997, 35.1414511], [113.5398664, 35.143162], [113.5377302, 35.1451738], [113.5362906, 35.1474045], [113.5348509, 35.1496352], [113.5333824, 35.1516013], [113.531885, 35.1533028], [113.5304164, 35.1552689], [113.5289189, 35.1569704], [113.5274213, 35.1586718], [113.5264413, 35.1651358], [113.5250586, 35.1678955], [113.5235895, 35.1698615], [113.5221778, 35.1723566], [113.520881, 35.17591], [113.5194224, 35.1810737], [113.5166057, 35.1799328], [113.5141232, 35.1787692], [113.5119748, 35.1775827], [113.5097404, 35.1756024], [113.5078403, 35.1735994], [113.5059976, 35.1721255], [113.5041263, 35.1703869], [113.5021403, 35.16759], [113.5002692, 35.1658515], [113.4979494, 35.1630772], [113.4924612, 35.1621174], [113.4849687, 35.1612933], [113.4814851, 35.160197], [113.4776675, 35.1591232], [113.4745181, 35.158004], [113.4693646, 35.1570205], [113.4662154, 35.1559011], [113.4630663, 35.1547816], [113.4585812, 35.1537525], [113.4567684, 35.1525425], [113.4542591, 35.151113], [113.4524464, 35.1499029], [113.4502998, 35.1487153], [113.4484873, 35.1475052], [113.4415015, 35.1482436], [113.4362426, 35.1493981], [113.4324262, 35.148323], [113.4252697, 35.1474728], [113.415498, 35.1473314], [113.413352, 35.1461432], [113.4113699, 35.1433448], [113.4095013, 35.1416048], [113.4072989, 35.1398873], [113.4047909, 35.1384568], [113.3959657, 35.1377173], [113.3914258, 35.1361565], [113.3893033, 35.1320346], [113.3874638, 35.1305589], [113.3829811, 35.129527], [113.3784984, 35.128495], [113.3723461, 35.1275747], [113.368842, 35.1294084], [113.3678494, 35.1358713], [113.3662686, 35.1399748], [113.3647679, 35.1416743], [113.3634363, 35.1449616], [113.3612673, 35.1467057], [113.3539467, 35.1474616], [113.3514676, 35.1462947], [113.3496285, 35.1448184], [113.3470614, 35.1396597], [113.3452225, 35.1381834], [113.343714, 35.1334869], [113.3395341, 35.1289687], [113.333273, 35.1301857], [113.3310757, 35.1316648], [113.3292123, 35.1331215], [113.3283788, 35.134776], [113.3308853, 35.1362081], [113.3274641, 35.1388346], [113.3212021, 35.1400511], [113.3173341, 35.141641], [113.3148021, 35.1431419], [113.3113217, 35.1420408], [113.3095114, 35.1408287], [113.3039991, 35.1395959], [113.2945066, 35.1388936], [113.2913327, 35.1375052], [113.2894949, 35.136028], [113.2876572, 35.1345509], [113.2858196, 35.1330737], [113.283982, 35.1315965], [113.2788046, 35.1303406], [113.2721528, 35.1310474], [113.2682843, 35.1326358], [113.2614096, 35.1344228], [113.2604359, 35.1411494], [113.251222, 35.1430903], [113.2428985, 35.1439058], [113.2373029, 35.1450741], [113.2353271, 35.1422729], [113.23285, 35.1411036], [113.2280346, 35.1400882], [113.2215491, 35.1391825], [113.2150639, 35.1382764], [113.2089128, 35.137348], [113.205017, 35.1354719], [113.2024575, 35.1335081], [113.1959729, 35.132601], [113.1923565, 35.1301732], [113.189499, 35.1189019], [113.1820139, 35.1180598], [113.1781749, 35.1167122], [113.1763673, 35.1154981], [113.1744219, 35.1129605], [113.1739567, 35.1052631], [113.17197, 35.0894044], [113.1728129, 35.0813548], [113.172565, 35.0789727], [113.173573, 35.0725112], [113.1739684, 35.0666227], [113.1713293, 35.063864], [113.1691893, 35.0626716], [113.1670493, 35.0614791], [113.1645757, 35.0603084], [113.1624359, 35.0591159], [113.1599624, 35.0579451], [113.1578228, 35.0567525], [113.1553494, 35.0555816], [113.1531824, 35.0541242], [113.1524917, 35.050705], [113.154274, 35.0484568], [113.1544704, 35.0471116], [113.1496618, 35.0460931], [113.1451869, 35.0450526], [113.1410459, 35.0439903], [113.1382396, 35.0428408], [113.1364343, 35.0416261], [113.134629, 35.0404113], [113.1324902, 35.0392182], [113.1266814, 35.038264], [113.1228146, 35.039848], [113.1119408, 35.0418873], [113.1036812, 35.0432231], [113.0820199, 35.0448934], [113.0758776, 35.0439584], [113.0720712, 35.0428722], [113.0679313, 35.0418075], [113.0591201, 35.0410441], [113.0466388, 35.0405168], [113.0432294, 35.0367395], [113.0421004, 35.0224233], [113.0372406, 35.020871], [113.0310376, 35.0226025], [113.0241131, 35.0238472], [113.01057, 35.0260492], [112.9989741, 35.027592], [112.9927698, 35.0293216], [112.9855642, 35.031115], [112.978692, 35.0328865], [112.9720457, 35.0335775], [112.9698827, 35.0321169], [112.9678656, 35.0287819], [112.9638168, 35.0186488], [112.9611748, 35.0190838], [112.957678, 35.017708], [112.9551553, 35.0160037], [112.9528179, 35.0094915], [112.9503738, 35.0019202], [112.9484117, 34.9991143], [112.9465836, 34.997632], [112.9447556, 34.9961497], [112.9416203, 34.9950171], [112.9391521, 34.9938419], [112.9370175, 34.9926454], [112.9351898, 34.991163], [112.9332553, 34.9886215], [112.9314277, 34.987139], [112.9269591, 34.9860907], [112.9217035, 34.9872238], [112.9198893, 34.9892041], [112.9180216, 34.9906548], [112.9097642, 34.9919778], [112.9055617, 34.9935762], [112.9039332, 34.9974095], [112.9036776, 35.004886], [112.9022227, 35.0071096], [112.9007144, 35.0088037], [112.8992593, 35.0110272], [112.8979903, 35.015104], [112.8955076, 35.0171261], [112.8869134, 35.0184686], [112.883778, 35.0173345], [112.8819507, 35.0158513], [112.8802865, 35.0092956], [112.8743085, 35.0099393], [112.8707716, 35.0114945], [112.8682775, 35.0100532], [112.869389, 35.0043881], [112.8697116, 35.0009042], [112.8670854, 34.998139], [112.8651, 34.995067], [112.8631941, 34.9927892], [112.8613942, 34.9915705], [112.8559258, 34.9905827], [112.85267, 34.9915869], [112.851161, 34.9932804], [112.849652, 34.9949739], [112.8478093, 34.9966883], [112.8417792, 34.9968009], [112.8376448, 34.9957285], [112.8328434, 34.9946978], [112.8287093, 34.9936251], [112.8265764, 34.9924267], [112.8164916, 34.9922595], [112.8066171, 34.9942096], [112.8044926, 34.9964738], [112.8031401, 34.9997554], [112.7992949, 35.0015942], [112.7954232, 35.0031681], [112.7902171, 35.0048252], [112.7874319, 35.0105937], [112.7859998, 35.0130807], [112.7841291, 35.0145294], [112.7809238, 35.0160612], [112.778438, 35.018081], [112.7762335, 35.0195504], [112.7747223, 35.0212429], [112.7732372, 35.0232002], [112.7710586, 35.0249343], [112.7691873, 35.0263827], [112.7673683, 35.0283607], [112.765497, 35.0298091], [112.7633179, 35.031543], [112.7608051, 35.0332976], [112.7585998, 35.0347667], [112.7550594, 35.0363186], [112.7511852, 35.0378911], [112.7479783, 35.0394221], [112.7367091, 35.0409199], [112.731833, 35.0425539], [112.7285735, 35.0435548], [112.7266964, 35.0415398], [112.7248455, 35.0397895], [112.7229426, 35.0375097], [112.7207841, 35.0360448], [112.7189334, 35.0342945], [112.7164673, 35.0331149], [112.7136676, 35.0319559], [112.708532, 35.0309411], [112.7057324, 35.0297819], [112.7032667, 35.0286021], [112.7014685, 35.0273811], [112.6980018, 35.0262629], [112.6952026, 35.0251035], [112.6927371, 35.0239235], [112.6909133, 35.0224375], [112.6891154, 35.0212163], [112.6869579, 35.0197508], [112.6848265, 35.0185501], [112.6826951, 35.0173493], [112.6808715, 35.0158632], [112.6789963, 35.0138474], [112.6767594, 35.0081245], [112.674471, 35.0018719], [112.6724413, 34.9982672], [112.6704118, 34.9946625], [112.6686149, 34.9934409], [112.666818, 34.9922194], [112.6650211, 34.9909978], [112.662865, 34.9895319], [112.6600676, 34.9883717], [112.6519335, 34.9875387], [112.6494699, 34.9863578], [112.6470064, 34.9851768], [112.6445429, 34.9839958], [112.641746, 34.9828352], [112.6392827, 34.9816541], [112.636486, 34.9804933], [112.6260183, 34.9798015], [112.6195531, 34.9788645], [112.6096242, 34.9802695], [112.6042109, 34.9798003], [112.6007477, 34.9786794], [112.5979516, 34.9775178], [112.5951556, 34.9763561], [112.5923597, 34.9751943], [112.5868958, 34.9741948], [112.5774299, 34.973438], [112.5733004, 34.9723569], [112.5710955, 34.9703597], [112.5690968, 34.9670181], [112.5671493, 34.9642061], [112.5653037, 34.9624534], [112.5630992, 34.9604561], [112.5611521, 34.957644], [112.5592559, 34.9553615], [112.5570292, 34.9496362], [112.5552096, 34.9481482], [112.5517485, 34.9470259], [112.5496211, 34.9458228], [112.5477001, 34.9432753], [112.5456016, 34.9388739], [112.5437571, 34.9371209], [112.5396299, 34.9360386], [112.5374231, 34.9375038], [112.5351149, 34.9379096], [112.532988, 34.9367062], [112.5311944, 34.9354827], [112.529401, 34.9342591], [112.5276076, 34.9330355], [112.5225314, 34.9325427], [112.5196577, 34.9340478], [112.518168, 34.9360022], [112.5166529, 34.9376917], [112.5151124, 34.9391164], [112.5135972, 34.9408059], [112.5103391, 34.9418012], [112.5082124, 34.9405974], [112.5060858, 34.9393935], [112.5036764, 34.9387394], [112.5021357, 34.9401639], [112.5006454, 34.9421181], [112.4982864, 34.9419935], [112.4964933, 34.9407695], [112.4946499, 34.9390157], [112.4921454, 34.9338389], [112.4911316, 34.926708], [112.4925462, 34.9239593], [112.4944201, 34.9225149], [112.4972939, 34.9210103], [112.5008341, 34.9194656], [112.5061921, 34.9194096], [112.5093181, 34.9205532], [112.5111109, 34.9217771], [112.5135704, 34.9229608], [112.51603, 34.9241444], [112.5217723, 34.9245973], [112.5253628, 34.9235816], [112.5229371, 34.9157368], [112.5210936, 34.9139834], [112.5192755, 34.9124948], [112.517947, 34.909112], [112.519411, 34.9068927], [112.521284, 34.9054479], [112.5234901, 34.9039829], [112.5260294, 34.9024978], [112.529235, 34.9009723], [112.5275984, 34.8978746], [112.5205252, 34.8975024], [112.5161178, 34.8969691], [112.5074797, 34.8977559], [112.5042738, 34.8992808], [112.5024259, 34.9009903], [112.5009363, 34.9029445], [112.4994467, 34.9048987], [112.4975733, 34.9063432], [112.4939328, 34.9068285], [112.4884749, 34.9058246], [112.4830171, 34.9048204], [112.4797602, 34.9058149], [112.4772199, 34.9072991], [112.4736798, 34.9088432], [112.4698062, 34.9104072], [112.4655992, 34.9119909], [112.4613921, 34.9135746], [112.455185, 34.9152776], [112.4409783, 34.917458], [112.4367704, 34.9190408], [112.4242292, 34.9211198], [112.4111545, 34.9210984], [112.4056966, 34.9200909], [112.3949057, 34.9193995], [112.3867816, 34.9185492], [112.3758562, 34.9199949], [112.3686467, 34.9217528], [112.3651038, 34.9232938], [112.3628942, 34.924756], [112.3610179, 34.9261984], [112.3591415, 34.9276408], [112.3569316, 34.9291029], [112.3547217, 34.9305649], [112.352845, 34.9320072], [112.3513017, 34.9334299], [112.3487582, 34.9349114], [112.3458811, 34.9364126], [112.3396697, 34.9381099], [112.3334581, 34.9398069], [112.3235784, 34.9417189], [112.3177868, 34.9407271], [112.3143294, 34.9395983], [112.3112055, 34.9384498], [112.3018449, 34.9387317], [112.2982999, 34.9402708], [112.2947548, 34.9418097], [112.2929258, 34.9437809], [112.2915039, 34.9465272], [112.2901555, 34.9500682], [112.2887333, 34.9528145], [112.287262, 34.955031], [112.2857416, 34.9567177], [112.2842457, 34.9586693], [112.2823671, 34.9601105], [112.2801549, 34.9615712], [112.2756078, 34.9631679], [112.2688146, 34.9622323], [112.2650234, 34.9611215], [112.2629, 34.9599135], [112.2610613, 34.9581563], [112.2590347, 34.9470891], [112.2605799, 34.9456676], [112.2621006, 34.9439812], [112.262092, 34.9402532], [112.2602538, 34.938496], [112.258131, 34.9372879], [112.2560083, 34.9360799], [112.2541215, 34.9337927], [112.252308, 34.9323003], [112.2504946, 34.9308078], [112.2483478, 34.9293347], [112.2462255, 34.9281264], [112.2437698, 34.9269375], [112.2406474, 34.9257872], [112.2383062, 34.9221947], [112.2398026, 34.9202436], [112.2413476, 34.9188223], [112.243226, 34.9173817], [112.2447466, 34.9156954], [112.2454542, 34.9124585], [112.2402593, 34.9106297], [112.2321864, 34.9102992], [112.2300648, 34.9090906], [112.2272767, 34.9079207], [112.2234887, 34.9068086], [112.2213431, 34.905335], [112.2194094, 34.9025174], [112.217306, 34.8978455], [112.2154455, 34.8958227], [112.2136336, 34.8943296], [112.2118218, 34.8928366], [112.2100343, 34.8916084], [112.2081983, 34.8898503], [112.208786, 34.885289], [112.2113306, 34.8838102], [112.2162076, 34.8821964], [112.2194183, 34.8806789], [112.2219626, 34.8791999], [112.2241735, 34.8777402], [112.2260512, 34.8762997], [112.2279288, 34.8748593], [112.2294732, 34.8734381], [112.2310175, 34.8720169], [112.239225, 34.8702088], [112.2467657, 34.868439], [112.2509748, 34.8668625], [112.2545174, 34.8653247], [112.2580599, 34.8637868], [112.2612691, 34.8622682], [112.2648113, 34.8607301], [112.2676871, 34.8592307], [112.2695636, 34.8577896], [112.2710824, 34.856103], [112.2726012, 34.8544164], [112.2754767, 34.8529168], [112.2786851, 34.8513978], [112.2815604, 34.8498981], [112.2844355, 34.8483983], [112.2873106, 34.8468985], [112.2898524, 34.8454181], [112.2917282, 34.8439766], [112.2936038, 34.8425351], [112.2954794, 34.8410936], [112.2973549, 34.8396521], [112.2988973, 34.83823], [112.2994303, 34.8331382], [112.2974221, 34.829527], [112.2949484, 34.8208825], [112.2930142, 34.818066], [112.2942133, 34.8129352], [112.2960636, 34.8112287], [112.2976055, 34.8098066], [112.2998132, 34.8083455], [112.3016878, 34.8069038], [112.3032295, 34.8054817], [112.3050795, 34.803775], [112.3065966, 34.8020879], [112.3081381, 34.8006657], [112.3096796, 34.7992435], [112.3122195, 34.7977625], [112.3147594, 34.7962816], [112.3165352, 34.79378], [112.3163274, 34.7879324], [112.3143933, 34.7851161], [112.3105854, 34.7837417], [112.3071349, 34.7826125], [112.3053239, 34.7811206], [112.3034394, 34.778834], [112.3012607, 34.7733683], [112.296333, 34.7707274], [112.2944591, 34.772169], [112.2929423, 34.773856], [112.29145, 34.7758079], [112.2900066, 34.7782896], [112.2885386, 34.7805064], [112.287046, 34.7824583], [112.2851716, 34.7838997], [112.2832972, 34.7853412], [112.2814228, 34.7867826], [112.278217, 34.7883018], [112.2732494, 34.7888584], [112.2714388, 34.7873661], [112.2695063, 34.7845491], [112.2675739, 34.7817321], [112.267321, 34.7753545], [112.269171, 34.7736484], [112.2713782, 34.7721877], [112.2729198, 34.7707659], [112.2744125, 34.7688142], [112.2759051, 34.7668625], [112.2773243, 34.764116], [112.2786946, 34.7608396], [112.2849422, 34.759675], [112.2951328, 34.7577462], [112.2976472, 34.7560006], [112.299139, 34.7540486], [112.3005082, 34.750772], [112.2983306, 34.7453061], [112.2959328, 34.7374559], [112.2983731, 34.7349155], [112.3009112, 34.7334347], [112.3031166, 34.7319734], [112.3056545, 34.7304926], [112.3085248, 34.7289922], [112.3110625, 34.7275112], [112.3136001, 34.7260302], [112.3161376, 34.7245491], [112.3190075, 34.7230484], [112.3222099, 34.7215281], [112.3278379, 34.7209303], [112.331286, 34.722059], [112.3334041, 34.723266], [112.3355469, 34.7247378], [112.3373572, 34.7262293], [112.3391676, 34.7277208], [112.340978, 34.7292122], [112.3434537, 34.7306643], [112.3462373, 34.7318318], [112.3496861, 34.73296], [112.3531349, 34.734088], [112.3559188, 34.7352553], [112.3587028, 34.7364226], [112.3640485, 34.7363726], [112.3669179, 34.7348708], [112.3697873, 34.733369], [112.3726565, 34.7318671], [112.379516, 34.7301284], [112.3829652, 34.7312557], [112.3847518, 34.7324815], [112.386588, 34.7342372], [112.3866769, 34.7387604], [112.3851875, 34.7407135], [112.3836981, 34.7426666], [112.3824068, 34.7467389], [112.3826441, 34.7528515], [112.3846295, 34.7561966], [112.3894353, 34.7575095], [112.3962967, 34.75577], [112.3981683, 34.7543268], [112.4000399, 34.7528837], [112.4015788, 34.7514602], [112.4031176, 34.7500368], [112.4046316, 34.7483484], [112.4061206, 34.7463951], [112.4079421, 34.7444219], [112.4184603, 34.7424633], [112.4226592, 34.7408809], [112.4248626, 34.7394175], [112.4264008, 34.7379937], [112.4282714, 34.7365501], [112.430142, 34.7351064], [112.4326777, 34.733623], [112.4350802, 34.7342786], [112.4369176, 34.7360335], [112.4387551, 34.7377884], [112.4408752, 34.7389936], [112.443328, 34.7401788], [112.4533797, 34.7403762], [112.4615684, 34.7385533], [112.4657663, 34.7369695], [112.4699639, 34.7353855], [112.4724988, 34.7339012], [112.4753661, 34.732397], [112.4792308, 34.7308326], [112.4813012, 34.7315073], [112.4834218, 34.7327118], [112.48521, 34.7339362], [112.4870234, 34.7354255], [112.4888368, 34.7369147], [112.4913153, 34.7383639], [112.4964292, 34.7393879], [112.5026216, 34.7376825], [112.53209, 34.7345697], [112.5358741, 34.7356725], [112.5399908, 34.7367551], [112.542445, 34.7379384], [112.5448993, 34.7391217], [112.5466885, 34.7403452], [112.5485032, 34.7418336], [112.5504193, 34.7443814], [112.5532571, 34.746074], [112.5568899, 34.745587], [112.5583497, 34.743367], [112.5598602, 34.7416768], [112.5613706, 34.7399865], [112.5629064, 34.738561], [112.5647238, 34.7365856], [112.566234, 34.7348952], [112.5677442, 34.7332049], [112.5692797, 34.7317793], [112.5718125, 34.7302931], [112.5780535, 34.7291137], [112.5818379, 34.7302152], [112.5866199, 34.7312557], [112.5937295, 34.732154], [112.5986403, 34.7310548], [112.6008401, 34.7295883], [112.6030399, 34.7281217], [112.6045746, 34.7266957], [112.6060838, 34.7250049], [112.6075419, 34.7227843], [112.6089744, 34.7202988], [112.6203537, 34.7204013], [112.6221693, 34.7218886], [112.6240361, 34.7239057], [112.6262355, 34.7259023], [112.6286906, 34.7270839], [112.6311458, 34.7282654], [112.6329618, 34.7297526], [112.6347778, 34.7312397], [112.6365939, 34.7327268], [112.6384614, 34.7347436], [112.6369527, 34.7364348], [112.6370559, 34.7409579], [112.639026, 34.7440341], [112.6409451, 34.7465805], [112.6428643, 34.7491269], [112.6453204, 34.7503082], [112.649388, 34.7508574], [112.6539153, 34.7492468], [112.6590319, 34.7502641], [112.6613358, 34.7533195], [112.66298, 34.7668063], [112.6616256, 34.7700868], [112.6601939, 34.7725729], [112.6587106, 34.7745291], [112.6573559, 34.7778097], [112.6562324, 34.7834737], [112.6548517, 34.7864894], [112.6533166, 34.7879159], [112.6517816, 34.7893424], [112.6502721, 34.7910337], [112.6497877, 34.7963919], [112.6517598, 34.7994678], [112.6536292, 34.8014843], [112.6567526, 34.8026243], [112.6674784, 34.8027635], [112.6728799, 34.80323], [112.6763364, 34.804349], [112.6886746, 34.8038541], [112.6928714, 34.8022627], [112.7001661, 34.8015453], [112.703623, 34.8026636], [112.7113022, 34.8024546], [112.7145002, 34.8009243], [112.7163671, 34.7994764], [112.7212804, 34.7983724], [112.7260683, 34.7994076], [112.7295986, 34.7978562], [112.7321306, 34.7963668], [112.7343298, 34.7948979], [112.7365289, 34.7934291], [112.7379846, 34.7912071], [112.7394402, 34.788985], [112.7378236, 34.7861547], [112.7377925, 34.7824264], [112.7406305, 34.7806512], [112.7454177, 34.7816856], [112.7494356, 34.781702], [112.7509687, 34.7802742], [112.7525018, 34.7788465], [112.7540349, 34.7774188], [112.7559005, 34.7759703], [112.757766, 34.7745217], [112.7592989, 34.7730939], [112.7614969, 34.7716246], [112.7666883, 34.7699684], [112.7763076, 34.7691012], [112.7784337, 34.7703006], [112.7802534, 34.7717856], [112.7821254, 34.7738001], [112.7839714, 34.7755499], [112.7859482, 34.7786237], [112.7883435, 34.7859345], [112.7902422, 34.7882138], [112.7920625, 34.7896985], [112.7939091, 34.7914481], [112.795782, 34.7934624], [112.7975763, 34.7946823], [112.7994232, 34.7964318], [112.8012439, 34.7979164], [112.8033711, 34.7991154], [112.8044501, 34.7897218], [112.8055369, 34.7837916], [112.8069904, 34.7815687], [112.8085225, 34.7801403], [112.8221866, 34.7795487], [112.8239811, 34.7807682], [112.8257756, 34.7819877], [112.8289008, 34.7831234], [112.8343545, 34.7841125], [112.8372167, 34.7826], [112.841742, 34.7809826], [112.8550733, 34.7804083], [112.8691754, 34.7808498], [112.8756955, 34.7791049], [112.8787684, 34.7797098], [112.8806431, 34.7817229], [112.8838749, 34.7839165], [112.8876662, 34.7850086], [112.8905274, 34.7834949], [112.8943864, 34.7819178], [112.8965822, 34.7804461], [112.8991105, 34.7789532], [112.9006409, 34.7775237], [112.9021447, 34.7758293], [112.9034892, 34.7725461], [112.9016692, 34.7644008], [112.9020568, 34.7582471], [112.8995966, 34.7570709], [112.8978015, 34.7558525], [112.8959269, 34.7538396], [112.8970859, 34.7487028], [112.8984302, 34.7454197], [112.8998804, 34.7431957], [112.9013571, 34.7412365], [112.9028867, 34.7398069], [112.9050811, 34.738335], [112.9086052, 34.7367785], [112.9117967, 34.735243], [112.9146556, 34.7337287], [112.9171821, 34.7322354], [112.9200408, 34.7307209], [112.9232319, 34.7291852], [112.9267552, 34.7276282], [112.9326049, 34.7259227], [112.9334157, 34.7240055], [112.9314878, 34.7214635], [112.9294802, 34.718127], [112.9275526, 34.715585], [112.9253725, 34.7138585], [112.9169847, 34.7135934], [112.9141933, 34.7124386], [112.9117344, 34.7112627], [112.9096078, 34.7100655], [112.9078136, 34.7088471], [112.9058339, 34.7057751], [112.9037748, 34.7019086], [112.9018748, 34.6996309], [112.9000545, 34.6981477], [112.8982607, 34.6969292], [112.8961348, 34.6957318], [112.8911245, 34.6957835], [112.8876019, 34.6973395], [112.8844115, 34.6988744], [112.8822177, 34.7003459], [112.8807414, 34.702305], [112.8789062, 34.7040202], [112.8770445, 34.7054706], [112.8741859, 34.7069842], [112.8706625, 34.7085397], [112.8644803, 34.7102634], [112.8587517, 34.7098262], [112.8562937, 34.7086491], [112.8538357, 34.707472], [112.8513778, 34.7062948], [112.8492523, 34.7050966], [112.8471269, 34.7038983], [112.8446692, 34.702721], [112.8425439, 34.7015227], [112.8404186, 34.7003244], [112.836632, 34.6992307], [112.8318486, 34.6981998], [112.8280623, 34.6971059], [112.8252728, 34.6959491], [112.8230168, 34.6934263], [112.8236811, 34.6832582], [112.8249486, 34.6791812], [112.8260323, 34.6732503], [112.8272733, 34.6689083], [112.829135, 34.6674586], [112.8285142, 34.6645664], [112.8266698, 34.6628172], [112.8248255, 34.6610679], [112.8254808, 34.6575623], [112.8273161, 34.6558478], [112.8291775, 34.654398], [112.8310388, 34.6529483], [112.8329001, 34.6514985], [112.834403, 34.6498048], [112.8359321, 34.6483759], [112.8377931, 34.646926], [112.8396279, 34.6452113], [112.8409991, 34.6421933], [112.8396351, 34.6385484], [112.837581, 34.6346807], [112.8357802, 34.6299974], [112.833325, 34.6288198], [112.8312019, 34.6276212], [112.8300222, 34.6258301], [112.8325206, 34.6240736], [112.836041, 34.622519], [112.8375432, 34.6208252], [112.8388616, 34.6172775], [112.839227, 34.6108584], [112.8371736, 34.6069906], [112.837618, 34.601366], [112.839041, 34.5988776], [112.8404377, 34.5961244], [112.8418343, 34.5933711], [112.843947, 34.5911056], [112.8498936, 34.5904631], [112.855998, 34.5914095], [112.8541284, 34.5893957], [112.8548082, 34.5861546], [112.856283, 34.5841957], [112.8577578, 34.5822368], [112.8591272, 34.5792184], [112.8621817, 34.5763599], [112.8636299, 34.574136], [112.8651043, 34.572177], [112.866605, 34.5704828], [112.8680792, 34.5685237], [112.8695798, 34.5668294], [112.8711066, 34.5654], [112.872607, 34.5637057], [112.8741074, 34.5620114], [112.8756077, 34.5603171], [112.8771343, 34.5588876], [112.8785553, 34.5563987], [112.8800554, 34.5547043], [112.8819135, 34.5532536], [112.8837715, 34.551803], [112.8856294, 34.5503523], [112.8894771, 34.548775], [112.8929931, 34.5472187], [112.8965089, 34.5456624], [112.898698, 34.5441904], [112.9004762, 34.5419449], [112.9049194, 34.5429945], [112.9093627, 34.5440439], [112.9138062, 34.5450932], [112.9175865, 34.5461846], [112.9216985, 34.5472547], [112.9278004, 34.5481976], [112.9418616, 34.5486309], [112.9511204, 34.5477713], [112.9549667, 34.546192], [112.9574864, 34.5446977], [112.9600061, 34.5432033], [112.9744628, 34.540942], [112.979688, 34.5398063], [112.9808006, 34.5376024], [112.9806781, 34.533079], [112.9822023, 34.5316481], [112.9836997, 34.5299525], [112.9848497, 34.524814], [112.9898491, 34.5247585], [112.9958966, 34.5251684], [112.9980834, 34.5236946], [112.9992858, 34.5190856], [113.0036219, 34.5190724], [113.0117116, 34.5198828], [113.0160017, 34.5260029], [113.0181154, 34.5303977], [113.0199688, 34.5388077], [113.0218683, 34.5410838], [113.0239022, 34.5446841], [113.0257481, 34.5464305], [113.0282037, 34.5476044], [113.0303277, 34.5487997], [113.0337781, 34.5499091], [113.0360818, 34.5561572], [113.0379552, 34.5581682], [113.0372832, 34.5614104], [113.035867, 34.5639011], [113.0364946, 34.5667926], [113.0420793, 34.5658976], [113.0490443, 34.565446], [113.0515629, 34.5639498], [113.053418, 34.5624966], [113.0549415, 34.5610649], [113.0567965, 34.5596117], [113.0624074, 34.5589806], [113.0658587, 34.5600891], [113.0679836, 34.5612837], [113.069885, 34.5635591], [113.0720297, 34.5682177], [113.0744866, 34.5693906], [113.0781621, 34.569418], [113.0799898, 34.5676996], [113.0814858, 34.5660028], [113.0829818, 34.5643059], [113.0856621, 34.5643979], [113.087564, 34.566673], [113.0894119, 34.5684185], [113.0938591, 34.5694613], [113.0977036, 34.5678776], [113.1008846, 34.5663371], [113.1047288, 34.5647532], [113.1075177, 34.5659038], [113.1093389, 34.5673842], [113.1111601, 34.5688646], [113.1136176, 34.5700368], [113.1157435, 34.5712306], [113.1211862, 34.5722073], [113.124639, 34.5733141], [113.1287552, 34.5743774], [113.1312131, 34.5755492], [113.1349979, 34.576634], [113.136847, 34.5783788], [113.1392141, 34.5851544], [113.1411727, 34.5879582], [113.1431313, 34.590762], [113.144981, 34.5925066], [113.1487667, 34.593591], [113.1576968, 34.5927378], [113.1578022, 34.596996], [113.160593, 34.5981454], [113.1623886, 34.5993603], [113.1641842, 34.600575], [113.1659799, 34.6017898], [113.1684392, 34.6029608], [113.1752119, 34.6038478], [113.1846117, 34.6042947], [113.1864846, 34.6127017], [113.1850174, 34.6146644], [113.1832457, 34.6169138], [113.1839614, 34.6205987], [113.1858126, 34.6223427], [113.1879684, 34.6238], [113.1897924, 34.6252791], [113.191644, 34.627023], [113.1943265, 34.6271125], [113.1958486, 34.6256792], [113.1962174, 34.6131258], [113.1977117, 34.6114276], [113.2026615, 34.6108341], [113.2070576, 34.6113433], [113.2117305, 34.6113009], [113.2145226, 34.612449], [113.2160991, 34.611545], [113.2142474, 34.6098014], [113.2178147, 34.6087656], [113.2229295, 34.6097598], [113.2264955, 34.6119228], [113.2290377, 34.617086], [113.2341532, 34.6180797], [113.2360883, 34.6206172], [113.2383553, 34.6231327], [113.2461261, 34.6239497], [113.2558883, 34.6246339], [113.2610045, 34.6256266], [113.2661209, 34.626619], [113.2719011, 34.627567], [113.2781234, 34.6263525], [113.2813032, 34.6248075], [113.2838193, 34.6233067], [113.2940786, 34.6223552], [113.312413, 34.6219288], [113.3148751, 34.6230969], [113.3170333, 34.624552], [113.3188876, 34.6262939], [113.3207141, 34.6277712], [113.3225406, 34.6292484], [113.3250031, 34.6304163], [113.3276859, 34.630503], [113.3295376, 34.6290458], [113.3310294, 34.6273461], [113.3338764, 34.625822], [113.3418126, 34.6250224], [113.3443275, 34.6235203], [113.3465105, 34.6220406], [113.3452354, 34.6194602], [113.3469467, 34.616679], [113.3501248, 34.6151322], [113.3542982, 34.6135184], [113.3621769, 34.612188], [113.3643077, 34.6133775], [113.3661908, 34.6153836], [113.3687188, 34.6234782], [113.3706583, 34.6260136], [113.3725138, 34.6277548], [113.3743133, 34.6289665], [113.3787115, 34.6294696], [113.3815576, 34.6279445], [113.3830764, 34.6265088], [113.3845951, 34.6250732], [113.3867774, 34.6235927], [113.3882116, 34.6213629], [113.3883921, 34.6136187], [113.3889097, 34.6090511], [113.4018199, 34.6079113], [113.4049464, 34.6090328], [113.4100635, 34.6100193], [113.416176, 34.6109381], [113.4216251, 34.6119017], [113.4284014, 34.6127749], [113.4381637, 34.6134448], [113.440077, 34.6157144], [113.44216, 34.6195722], [113.4440169, 34.6213124], [113.4501794, 34.6195599], [113.4526435, 34.6207253], [113.4545856, 34.6232594], [113.4563743, 34.6306033], [113.4564674, 34.6345964], [113.4550348, 34.636827], [113.4535455, 34.6385282], [113.4556865, 34.6429152], [113.4581797, 34.6443452], [113.4599808, 34.6455556], [113.4651294, 34.6468045], [113.4677536, 34.6556911], [113.4696403, 34.6576955], [113.4724378, 34.6588378], [113.4752354, 34.6599801], [113.4783649, 34.6610997], [113.4818266, 34.6621965], [113.4856202, 34.6632705], [113.4940614, 34.6640267], [113.4978553, 34.6651004], [113.4999895, 34.6662876], [113.5008629, 34.6712939], [113.4994594, 34.6737896], [113.5018319, 34.6802931], [113.5012348, 34.6840668], [113.4997456, 34.6857685], [113.4982278, 34.6872055], [113.5000789, 34.6950777], [113.5007531, 34.6982312], [113.4993206, 34.7004622], [113.498344, 34.706928], [113.5004893, 34.711314], [113.5025207, 34.7146412], [113.5045239, 34.7177036], [113.5064415, 34.719972], [113.5083308, 34.7219757], [113.4920911, 34.7265523], [113.4886265, 34.7254558], [113.4864339, 34.7237392], [113.4828081, 34.7242533], [113.4812892, 34.72569], [113.4712942, 34.7261049], [113.4665578, 34.7256277], [113.4659587, 34.7294011], [113.4696789, 34.7328804], [113.4746911, 34.7328054], [113.4765229, 34.7342802], [113.4784687, 34.7368137], [113.4809652, 34.7382431], [113.4837657, 34.7393852], [113.4809175, 34.7409126], [113.4787337, 34.7423946], [113.4772714, 34.7443606], [113.4758658, 34.7468559], [113.4745171, 34.7498806], [113.4657887, 34.7590066], [113.4628058, 34.7624089], [113.4616067, 34.7699555], [113.4688517, 34.7750611], [113.4717014, 34.7735341], [113.4786538, 34.7727938], [113.4836116, 34.7721891], [113.4874581, 34.7705937], [113.4892626, 34.7718036], [113.4877714, 34.773505], [113.4885597, 34.777717], [113.4810275, 34.7792972], [113.4800393, 34.7825638], [113.4817669, 34.7955097], [113.4783939, 34.7984057], [113.4652263, 34.7974359], [113.4633932, 34.795961], [113.4615886, 34.7947508], [113.4511954, 34.7946573], [113.4496463, 34.7958289], [113.4505178, 34.800835], [113.4524927, 34.8036335], [113.4544962, 34.8066966], [113.4533727, 34.8118382], [113.4519084, 34.8138038], [113.4503873, 34.8152401], [113.4485335, 34.8166989], [113.447069, 34.8186644], [113.4486911, 34.8244193], [113.4507801, 34.8282764], [113.4525162, 34.8350899], [113.4556524, 34.8362099], [113.4641118, 34.836968], [113.4659174, 34.8381782], [113.4719913, 34.8385648], [113.4741583, 34.8400169], [113.4779604, 34.8410911], [113.4821431, 34.8394732], [113.4893768, 34.8381804], [113.4961733, 34.8390497], [113.4999757, 34.8401232], [113.5018105, 34.8415975], [113.5008038, 34.847798], [113.5024875, 34.8540815], [113.5057967, 34.856788], [113.5090099, 34.8555021], [113.5125844, 34.854458], [113.5157975, 34.8531719], [113.5178333, 34.8564985], [113.5209999, 34.8578815], [113.5327325, 34.8578779], [113.5398065, 34.8581928], [113.5482116, 34.858416], [113.5499663, 34.8529633], [113.5541028, 34.8540123], [113.555939, 34.8554858], [113.557919, 34.8582824], [113.5613904, 34.8593769], [113.5680167, 34.8586545], [113.5698405, 34.8569294], [113.5713026, 34.8549624], [113.5727071, 34.8524662], [113.5778289, 34.8502472], [113.58201, 34.848626], [113.5848602, 34.8470964], [113.5863506, 34.8453939], [113.5877833, 34.8431621], [113.5892159, 34.8409304], [113.5906483, 34.8386985], [113.5921674, 34.8372606], [113.5936863, 34.8358226], [113.5952052, 34.8343847], [113.596493, 34.8308296], [113.5964226, 34.8209693], [113.5956859, 34.8172875], [113.5940093, 34.8142037], [113.5919425, 34.8106136], [113.593259, 34.8073232], [113.5960208, 34.8049994], [113.6010086, 34.8046548], [113.6042182, 34.8033664], [113.6025415, 34.8002827], [113.603944, 34.797786], [113.6088735, 34.7969118], [113.6109985, 34.7948983], [113.6123428, 34.7918723], [113.6137738, 34.7896401], [113.6152047, 34.7874079], [113.6166065, 34.7849111], [113.6151465, 34.780746], [113.6178779, 34.7781571], [113.6220833, 34.7767991], [113.6234848, 34.7743021], [113.6249151, 34.7720698], [113.6263453, 34.7698375], [113.6313734, 34.7668222], [113.6340322, 34.7666376], [113.6354041, 34.7638759], [113.636747, 34.7608496], [113.6445776, 34.7589722], [113.6464133, 34.7604445], [113.6483651, 34.7629753], [113.6521658, 34.7640442], [113.6600836, 34.7629598], [113.658767, 34.7601183], [113.6563536, 34.7594863], [113.6545921, 34.7617421], [113.6565988, 34.7586693], [113.6611058, 34.7570222], [113.6638804, 34.7578955], [113.6648192, 34.7572968], [113.665787, 34.7569627], [113.667623, 34.7584347], [113.6784433, 34.7563467], [113.6851182, 34.7561474], [113.6946556, 34.7576141], [113.697168, 34.7561051], [113.6980122, 34.7485795], [113.702558, 34.7442614], [113.6981334, 34.740571], [113.7071032, 34.7399431], [113.7200009, 34.7385058], [113.7237825, 34.7363738], [113.7272508, 34.7374637], [113.7297226, 34.7386235], [113.7313929, 34.7446397], [113.7332884, 34.74664], [113.7352427, 34.7491694], [113.7371091, 34.750905], [113.7392492, 34.752088], [113.7410571, 34.7532942], [113.7448586, 34.7543603], [113.7479958, 34.755473], [113.7504684, 34.7566324], [113.757593, 34.7574642], [113.7621566, 34.7563427], [113.7686167, 34.7572207], [113.7770706, 34.7579576], [113.7855246, 34.758694], [113.7893271, 34.7597587], [113.7913719, 34.763081], [113.7932399, 34.7648158], [113.7967104, 34.7659037], [113.8021748, 34.7668505], [113.8050177, 34.7653158], [113.8078606, 34.763781], [113.8107033, 34.7622462], [113.8138782, 34.7606878], [113.8170529, 34.7591293], [113.8198953, 34.7575942], [113.8230698, 34.7560355], [113.8259119, 34.7545003], [113.8287539, 34.7529651], [113.8315959, 34.7514298], [113.8341055, 34.749918], [113.8359209, 34.7481888], [113.837404, 34.7464832], [113.8388871, 34.7447776], [113.8403998, 34.7433365], [113.8418531, 34.7413663], [113.8433063, 34.739396], [113.8445815, 34.7358381], [113.8459752, 34.7333386], [113.8473094, 34.7303099], [113.8490944, 34.7283159], [113.8505769, 34.7266101], [113.8510686, 34.7220411], [113.8489333, 34.7179259], [113.8468575, 34.7143398], [113.8446633, 34.7096953], [113.8425582, 34.7058445], [113.8406016, 34.7033166], [113.8386748, 34.7010533], [113.8367481, 34.69879], [113.8349103, 34.6973205], [113.8330726, 34.6958509], [113.8309326, 34.6946695], [113.8287927, 34.693488], [113.8269848, 34.692283], [113.8250882, 34.6902841], [113.8231917, 34.6882851], [113.8212658, 34.6860215], [113.819399, 34.6842871], [113.8175915, 34.6830819], [113.8157545, 34.6816121], [113.8139471, 34.6804068], [113.8121102, 34.6789369], [113.8097713, 34.6729686], [113.8106039, 34.6654417], [113.8111116, 34.655004], [113.8056915, 34.6513879], [113.8048586, 34.6589148], [113.8035534, 34.6622078], [113.8014074, 34.6639602], [113.7989074, 34.6625371], [113.7971006, 34.6613316], [113.7936347, 34.6602435], [113.7914079, 34.6582675], [113.7893363, 34.6546803], [113.7872943, 34.6513577], [113.7851642, 34.6472411], [113.7835079, 34.6353565], [113.7841955, 34.6265064], [113.7858621, 34.6234546], [113.7896952, 34.6218497], [113.7941916, 34.6201976], [113.7980245, 34.6185924], [113.8015255, 34.6170106], [113.8033681, 34.6155463], [113.8072006, 34.6139408], [113.8110329, 34.6123352], [113.814865, 34.6107294], [113.8180337, 34.6091707], [113.8202074, 34.6076826], [113.8237075, 34.6061001], [113.8408626, 34.6040789], [113.8404185, 34.6001096], [113.8385533, 34.5983754], [113.8396784, 34.5934941], [113.8410402, 34.5907297], [113.8426446, 34.5871479], [113.8492455, 34.5864104], [113.8514181, 34.5849218], [113.8535905, 34.583433], [113.8550998, 34.5819916], [113.8566091, 34.5805502], [113.8580886, 34.5788441], [113.8586086, 34.5745392], [113.8566251, 34.5717467], [113.8548196, 34.5705419], [113.8506939, 34.5695027], [113.8482256, 34.5683451], [113.8463611, 34.566611], [113.844467, 34.5646121], [113.8424842, 34.5618194], [113.8434605, 34.5556148], [113.8447031, 34.5517918], [113.8461824, 34.5500858], [113.8476616, 34.5483798], [113.8491408, 34.5466738], [113.8505606, 34.5444385], [113.8507254, 34.5369579], [113.8519783, 34.5272656], [113.855108, 34.5283758], [113.8572438, 34.5295569], [113.859167, 34.5318202], [113.8613327, 34.5332659], [113.8656099, 34.5326934], [113.8687745, 34.5311332], [113.8726016, 34.5295256], [113.8763348, 34.5300586], [113.8800977, 34.5308561], [113.8819368, 34.5293906], [113.8844385, 34.5278775], [113.8879338, 34.5262931], [113.8854876, 34.510463], [113.8827584, 34.4831822], [113.8840574, 34.4798879], [113.8854454, 34.4773874], [113.8868035, 34.4746223], [113.8881616, 34.4718572], [113.8895196, 34.469092], [113.8908775, 34.4663269], [113.8922353, 34.4635617], [113.8935632, 34.4605318], [113.8949208, 34.4577666], [113.8976617, 34.4554355], [113.9061774, 34.454023], [113.9075643, 34.4515222], [113.9088914, 34.4484922], [113.9112708, 34.4459199], [113.9214399, 34.4443873], [113.9252291, 34.4454481], [113.9270627, 34.4469166], [113.9290157, 34.4494436], [113.9312077, 34.4540876], [113.933161, 34.4566146], [113.9369509, 34.457675], [113.9414349, 34.4560174], [113.9429104, 34.4543101], [113.9435786, 34.4454579], [113.944994, 34.4432213], [113.9529056, 34.4423827], [113.9617499, 34.4409424], [113.97285, 34.4388044], [113.9770013, 34.4371695], [113.9860247, 34.4373152], [113.9881601, 34.4384942], [113.991619, 34.439577], [114.000372, 34.440275], [114.0021768, 34.4414778], [114.0040117, 34.4429452], [114.0059069, 34.4449417], [114.0079226, 34.4479967], [114.0100904, 34.4641139], [114.0087668, 34.467145], [114.0069917, 34.4691417], [114.0054872, 34.4705851], [114.0036518, 34.4720525], [114.0022375, 34.4742897], [114.0025085, 34.4796059], [114.0044045, 34.4816025], [114.0062404, 34.4830698], [114.0080763, 34.484537], [114.0098822, 34.4857397], [114.0123503, 34.4868941], [114.0141563, 34.4880967], [114.0162935, 34.4892751], [114.0181901, 34.4912715], [114.0201169, 34.4935323], [114.0220741, 34.4960578], [114.0240313, 34.4985832], [114.0259887, 34.5011086], [114.0279463, 34.5036339], [114.0317397, 34.5046914], [114.0345688, 34.5031512], [114.0364044, 34.5016833], [114.0389022, 34.5001671], [114.041731, 34.4986267], [114.0448907, 34.4970621], [114.0480504, 34.4954974], [114.0518721, 34.4938842], [114.0553625, 34.4922951], [114.0575286, 34.4908027], [114.0590325, 34.4893587], [114.0604454, 34.4871209], [114.0619188, 34.4854123], [114.0633922, 34.4837036], [114.0652268, 34.4822353], [114.0687165, 34.4806458], [114.0740431, 34.4805225], [114.076843, 34.4816514], [114.0786499, 34.482853], [114.0804872, 34.4843192], [114.0823245, 34.4857854], [114.084162, 34.4872516], [114.0860298, 34.4889823], [114.0880801, 34.4923004], [114.0879747, 34.5059155], [114.0911202, 34.5187585], [114.093878, 34.5340309], [114.0966907, 34.5439631], [114.0993518, 34.5525723], [114.1018917, 34.5601231], [114.103914, 34.5631763], [114.106146, 34.5651468], [114.1079552, 34.5663479], [114.1100959, 34.5675247], [114.1119052, 34.5687258], [114.1137146, 34.5699268], [114.1157071, 34.5727152], [114.1176998, 34.5755035], [114.1195705, 34.5772336], [114.120216, 34.5857238], [114.1246531, 34.6096762], [114.1268304, 34.6140516], [114.1290338, 34.615757], [114.1360884, 34.6160382], [114.1375932, 34.6145934], [114.139761, 34.6130997], [114.1419288, 34.611606], [114.1440965, 34.6101123], [114.1505433, 34.6080362], [114.1523486, 34.6063022], [114.1541844, 34.6048327], [114.1556887, 34.6033877], [114.1571929, 34.6019426], [114.1590286, 34.6004731], [114.1605326, 34.599028], [114.1626996, 34.5975339], [114.1671869, 34.5958683], [114.1716739, 34.5942026], [114.1758293, 34.5925612], [114.1803159, 34.5908951], [114.1857967, 34.5891553], [114.1909458, 34.5874397], [114.1960947, 34.585724], [114.2002491, 34.5840818], [114.2037406, 34.5824886], [114.2072319, 34.5808953], [114.210723, 34.579302], [114.2281319, 34.5766736], [114.2306283, 34.5751537], [114.2327933, 34.5736583], [114.2346269, 34.5721876], [114.2364605, 34.5707169], [114.2386252, 34.5692215], [114.2404586, 34.5677507], [114.2422919, 34.5662799], [114.2444565, 34.5647843], [114.2469523, 34.563264], [114.249448, 34.5617437], [114.2559191, 34.5599265], [114.2590556, 34.5610265], [114.2608671, 34.5622254], [114.2626786, 34.5634243], [114.2684038, 34.563797], [114.271893, 34.5622019], [114.2747195, 34.5606563], [114.2772145, 34.5591353], [114.2793782, 34.5576392], [114.2808793, 34.5561926], [114.2823493, 34.5544814], [114.283726, 34.5519767], [114.2846677, 34.5457686], [114.2856402, 34.5398251], [114.2858982, 34.5277973], [114.2873054, 34.525557], [114.2891368, 34.5240855], [114.2989774, 34.5225468], [114.3014708, 34.5210254], [114.3028774, 34.5187849], [114.3041284, 34.5152218], [114.3055037, 34.5127167], [114.3069724, 34.5110052], [114.3101274, 34.5094339], [114.3120319, 34.5114256], [114.3140922, 34.51474], [114.3163708, 34.519906], [114.318338, 34.5224267], [114.3202118, 34.5241538], [114.3220234, 34.5253519], [114.3244972, 34.5265001], [114.3288331, 34.5264406], [114.3309949, 34.5249435], [114.3324945, 34.5234962], [114.3339939, 34.5220489], [114.3358245, 34.5205767], [114.3376549, 34.5191044], [114.3398164, 34.5176072], [114.342971, 34.516035], [114.3495613, 34.5152709], [114.3520353, 34.5164186], [114.3539097, 34.5181452], [114.3558155, 34.5201363], [114.3577839, 34.5226564], [114.3591481, 34.5313602], [114.3604187, 34.5392704], [114.3624817, 34.5425839], [114.3648853, 34.5544114], [114.3667609, 34.5561378], [114.3732113, 34.5569846], [114.3854357, 34.5557928], [114.3869034, 34.5540804], [114.388214, 34.5510455], [114.3896501, 34.5490686], [114.3911176, 34.5473562], [114.3926165, 34.5459082], [114.3961024, 34.5443096], [114.4009128, 34.5426104], [114.4043984, 34.5410116], [114.4092085, 34.5393121], [114.4133561, 34.5376627], [114.4194903, 34.5358622], [114.4248831, 34.5362528], [114.4273588, 34.5373989], [114.4291722, 34.5385954], [114.4310173, 34.5400564], [114.4329571, 34.5423107], [114.4354968, 34.5495903], [114.4348826, 34.5584443], [114.4338579, 34.56386], [114.4355779, 34.5698674], [114.4373922, 34.5710637], [114.4392382, 34.5725245], [114.4410842, 34.5739853], [114.4429619, 34.5757105], [114.4448713, 34.5777001], [114.4467492, 34.5794252], [114.4485639, 34.5806214], [114.4513726, 34.5817418], [114.4627325, 34.581676], [114.464199, 34.5799628], [114.4654436, 34.5763982], [114.4666882, 34.5728336], [114.4708046, 34.5709179], [114.4736133, 34.5720378], [114.47546, 34.573498], [114.4773701, 34.5754872], [114.4794073, 34.5785341], [114.482139, 34.5817949], [114.4902493, 34.5825089], [114.4960405, 34.5834], [114.5066106, 34.5823232], [114.520761, 34.5804367], [114.5344397, 34.5801864], [114.5422309, 34.5782524], [114.5536656, 34.5760373], [114.5591371, 34.574281], [114.5629521, 34.5726522], [114.5876989, 34.56994], [114.5948152, 34.5707241], [114.6022629, 34.5714821], [114.6082057, 34.5763602], [114.6115026, 34.5897178], [114.6134165, 34.5917049], [114.616228, 34.5928215], [114.6197022, 34.5938867], [114.6228451, 34.5949775], [114.6253255, 34.5961196], [114.6281372, 34.597236], [114.6312804, 34.5983265], [114.6334297, 34.5994942], [114.6359103, 34.6006362], [114.6384233, 34.6020424], [114.6407579, 34.6074665], [114.641169, 34.6135739], [114.6423721, 34.6206874], [114.6447721, 34.6266401], [114.6469139, 34.6304775], [114.649056, 34.6343148], [114.6512306, 34.6384164], [114.6504782, 34.6459488], [114.6491761, 34.6489862], [114.6479063, 34.652288], [114.646604, 34.6553254], [114.6452047, 34.6575695], [114.6438376, 34.660078], [114.6424381, 34.6623221], [114.6410385, 34.6645661], [114.6396065, 34.6665458], [114.6382068, 34.6687898], [114.6368393, 34.6712982], [114.6354717, 34.6738066], [114.6348965, 34.6773211], [114.635337, 34.6946361], [114.6344211, 34.700846], [114.6344916, 34.7096485], [114.6363444, 34.7111062], [114.6385291, 34.7125381], [114.6406816, 34.7137056], [114.6444932, 34.7147442], [114.6493004, 34.7157053], [114.6541077, 34.7166663], [114.6575878, 34.7177303], [114.6653169, 34.7179299], [114.6705937, 34.7172522], [114.6737422, 34.7183416], [114.6768908, 34.7194309], [114.683026, 34.7202874], [114.6865066, 34.7213506], [114.6889919, 34.7224913], [114.6911454, 34.7236579], [114.6929671, 34.7248504], [114.6949189, 34.7271003], [114.6971634, 34.7317296], [114.6998636, 34.7400602], [114.7026816, 34.7411747], [114.7058315, 34.7422633], [114.707719, 34.7439843], [114.7070814, 34.7469702], [114.719825, 34.7470416], [114.7289501, 34.7476621], [114.7347561, 34.7485419], [114.7408942, 34.7493955], [114.7450408, 34.750405], [114.7471958, 34.7515706], [114.7490517, 34.7530266], [114.7510058, 34.7552756], [114.7529273, 34.7572602], [114.7547834, 34.7587161], [114.7566396, 34.760172], [114.7587951, 34.7613373], [114.7619466, 34.7624245], [114.7688853, 34.7616123], [114.7707418, 34.7630679], [114.7738936, 34.7641547], [114.7868079, 34.7628715], [114.7886355, 34.7613928], [114.7900983, 34.759676], [114.791561, 34.7579591], [114.7930237, 34.7562422], [114.7944862, 34.7545253], [114.7959488, 34.7528084], [114.797776, 34.7513297], [114.8005989, 34.7497723], [114.805745, 34.7480316], [114.8239665, 34.7463252], [114.8284458, 34.7473057], [114.8301009, 34.7525137], [114.8254188, 34.7552866], [114.8222972, 34.7571351], [114.8217297, 34.7606502], [114.8240155, 34.7655415], [114.8258732, 34.7669963], [114.8290258, 34.7680817], [114.8378223, 34.7687204], [114.8492747, 34.7691481], [114.8586692, 34.769204], [114.8614904, 34.770315], [114.8637118, 34.7773464], [114.870385, 34.7770836], [114.8732074, 34.7755247], [114.8750337, 34.7740448], [114.87686, 34.7725649], [114.8790181, 34.7710586], [114.8808442, 34.7695786], [114.8826703, 34.7680986], [114.8848282, 34.7665922], [114.887318, 34.7650593], [114.8904715, 34.7634735], [114.8949527, 34.761782], [114.8987699, 34.7601431], [114.9022549, 34.7585306], [114.9047441, 34.7569974], [114.9072332, 34.7554641], [114.9100541, 34.7539043], [114.912543, 34.7523709], [114.9153637, 34.750811], [114.9228305, 34.74888], [114.9352094, 34.7486916], [114.9373672, 34.7498539], [114.9395584, 34.7512805], [114.9414846, 34.7532622], [114.9436426, 34.7544244], [114.9458007, 34.7555866], [114.9492864, 34.7566424], [114.9531041, 34.7576715], [114.9556278, 34.7590713], [114.9575211, 34.7607884], [114.9636959, 34.7618953], [114.9747491, 34.7618095], [114.9779036, 34.7628911], [114.9803944, 34.764026], [114.9822213, 34.7652142], [114.9864357, 34.7640746], [114.9878943, 34.7623554], [114.9917095, 34.7607138], [114.9973852, 34.7605242], [114.9998532, 34.7694033], [115.0018148, 34.7716484], [115.0089198, 34.7721443], [115.0175837, 34.7717132], [115.0233946, 34.7725796], [115.0292057, 34.7734457], [115.0355461, 34.7732009], [115.0380332, 34.771665], [115.0401882, 34.7701559], [115.043007, 34.7685931], [115.0531329, 34.7691093], [115.0609355, 34.7698129], [115.0647553, 34.7708386], [115.0675794, 34.7719448], [115.0740548, 34.7727551], [115.0825218, 34.7734035], [115.0876697, 34.7743207], [115.1017795, 34.7745096], [115.1049363, 34.7755881], [115.1067654, 34.7767744], [115.1086963, 34.7787535], [115.1113737, 34.7865463], [115.1135351, 34.7877055], [115.1183524, 34.7886485], [115.1343206, 34.7876145], [115.1419216, 34.7867274], [115.1433431, 34.7847422], [115.1447646, 34.782757], [115.146586, 34.7812732], [115.1521265, 34.7800196], [115.1612588, 34.7806084], [115.1637709, 34.7870788], [115.1657717, 34.7895855], [115.167602, 34.7907709], [115.1700964, 34.791902], [115.1723271, 34.7935887], [115.1749088, 34.8005872], [115.1778039, 34.8022195], [115.1814217, 34.8016562], [115.1864359, 34.8015124], [115.1912549, 34.8024526], [115.199394, 34.8031202], [115.2038812, 34.8040872], [115.2123526, 34.8047267], [115.2204812, 34.8027234], [115.2299372, 34.8006103], [115.2377445, 34.8013027], [115.2409041, 34.8023777], [115.2427359, 34.803562], [115.2446709, 34.805539], [115.2446483, 34.8079443], [115.2432633, 34.8101948], [115.2425079, 34.8121264], [115.2448439, 34.8146044], [115.2496643, 34.8155424], [115.2558131, 34.8163705], [115.2577487, 34.8183473], [115.2591728, 34.8318494], [115.2580288, 34.8359495], [115.2565748, 34.8376717], [115.2551208, 34.8393939], [115.2536322, 34.8408519], [115.2522125, 34.8428383], [115.2508271, 34.8450888], [115.2453867, 34.8471394], [115.2428325, 34.8481509], [115.2408738, 34.8485792], [115.2384226, 34.8503832], [115.236968, 34.8521052], [115.2356851, 34.8551482], [115.2348145, 34.8613617], [115.2340469, 34.8683678], [115.2334511, 34.8766949], [115.2355482, 34.8850675], [115.2375194, 34.8873086], [115.2394907, 34.8895497], [115.2414965, 34.892055], [115.2436401, 34.8956171], [115.2461863, 34.9074239], [115.2446963, 34.9088817], [115.2402143, 34.9105857], [115.2337374, 34.9124535], [115.2087687, 34.9142365], [115.1985992, 34.9161381], [115.1991237, 34.9227706], [115.2018148, 34.9305606], [115.2041635, 34.9357084], [115.206238, 34.9387426], [115.2081411, 34.9404557], [115.2106407, 34.9415858], [115.2131404, 34.942716], [115.2149751, 34.9439006], [115.2163163, 34.9464607], [115.2162802, 34.9539401], [115.2151322, 34.9580395], [115.2137781, 34.9605536], [115.2081228, 34.9610172], [115.2049573, 34.9599415], [115.2021245, 34.9588385], [115.2002554, 34.9573895], [115.1982149, 34.9546195], [115.1962089, 34.9521136], [115.1899917, 34.9534234], [115.1855059, 34.9551254], [115.1829475, 34.9561356], [115.179391, 34.9572273], [115.1772335, 34.9587386], [115.1747432, 34.960277], [115.1719202, 34.9618426], [115.1680989, 34.9634895], [115.1589544, 34.9655706], [115.1514729, 34.9675154], [115.1496473, 34.9689991], [115.1482226, 34.9709841], [115.1469344, 34.9740259], [115.1455095, 34.9760109], [115.1440164, 34.9774674], [115.1425232, 34.9789239], [115.1410299, 34.9803804], [115.1282221, 34.982757], [115.126207, 34.9879935], [115.1281253, 34.9950461], [115.138443, 34.9942072], [115.1410624, 35.0014697], [115.1422651, 35.0133862], [115.1484281, 35.0142195], [115.1565887, 35.0148898], [115.1597558, 35.0159667], [115.1625901, 35.0170706], [115.164827, 35.0187572], [115.166868, 35.0215276], [115.1681248, 35.0286338], [115.1702346, 35.0319326], [115.1693227, 35.0378806], [115.1681368, 35.0417151], [115.1684199, 35.0464978], [115.1703932, 35.0487397], [115.1724009, 35.0512458], [115.1742717, 35.0526952], [115.1867663, 35.0530102], [115.1945982, 35.0537053], [115.2050261, 35.0536534], [115.2060729, 35.0487619], [115.2077618, 35.0462207], [115.2187859, 35.0455849], [115.2219551, 35.0466601], [115.2254574, 35.047708], [115.2286267, 35.0487831], [115.2321292, 35.0498308], [115.2341389, 35.0523359], [115.2389738, 35.0532741], [115.2415589, 35.065344], [115.2434658, 35.0670564], [115.2456369, 35.0682131], [115.247808, 35.0693698], [115.2485552, 35.0725124], [115.2463959, 35.0740248], [115.2449027, 35.0754824], [115.2435475, 35.0779967], [115.2420887, 35.0797185], [115.2406299, 35.0814402], [115.2393089, 35.0842186], [115.2381602, 35.0883178], [115.2371838, 35.0937378], [115.235897, 35.0967803], [115.234748, 35.1008794], [115.2336333, 35.1052427], [115.2318405, 35.1069917], [115.2296799, 35.1085037], [115.2281858, 35.1099611], [115.2263584, 35.1114458], [115.2248986, 35.1131673], [115.2234043, 35.1146247], [115.224852, 35.1179769], [115.2268632, 35.120482], [115.2288056, 35.1224588], [115.2306791, 35.1239072], [115.2326217, 35.1258839], [115.2345298, 35.1275964], [115.2365071, 35.1298372], [115.2374959, 35.1348289], [115.2361394, 35.137343], [115.2347139, 35.1393287], [115.2329203, 35.1410777], [115.2314601, 35.1427992], [115.2301723, 35.1458416], [115.2326556, 35.1571184], [115.234668, 35.1596233], [115.2367151, 35.1623924], [115.2390385, 35.1672746], [115.241224, 35.1711002], [115.2435824, 35.1762465], [115.2459757, 35.1816568], [115.2454479, 35.1905105], [115.2475307, 35.1935435], [115.2494062, 35.1949915], [115.2512819, 35.1964395], [115.253123, 35.1976234], [115.2549988, 35.1990714], [115.25684, 35.2002551], [115.2586813, 35.2014389], [115.259099, 35.2123509], [115.2598036, 35.2203024], [115.2588616, 35.2259863], [115.2575043, 35.2285005], [115.2574374, 35.2357143], [115.2590174, 35.2451958], [115.2603554, 35.2528283], [115.2609912, 35.2602514], [115.2602567, 35.2675199], [115.2591064, 35.2716189], [115.2578521, 35.2749254], [115.2565978, 35.2782318], [115.2552048, 35.2804818], [115.2538464, 35.2829959], [115.2524878, 35.2855099], [115.252514, 35.2985891], [115.2536688, 35.3099739], [115.2526215, 35.314865], [115.2513663, 35.3181714], [115.2501802, 35.322006], [115.2494441, 35.3292742], [115.2484655, 35.3346934], [115.2473483, 35.3390562], [115.2460578, 35.3420983], [115.244698, 35.3446122], [115.2433381, 35.3471261], [115.2409407, 35.3494578], [115.2395114, 35.3514434], [115.2377131, 35.3531921], [115.2358802, 35.3546767], [115.2333785, 35.3562159], [115.231211, 35.3577278], [115.2290435, 35.3592396], [115.2268759, 35.3607514], [115.2243739, 35.3622904], [115.2198655, 35.3639931], [115.2055909, 35.3659579], [115.2001373, 35.3656014], [115.1911434, 35.3666005], [115.186634, 35.368302], [115.184131, 35.3698402], [115.1826654, 35.371561], [115.1822817, 35.376397], [115.1843375, 35.3895765], [115.183457, 35.3957874], [115.1821287, 35.3985647], [115.1810413, 35.4031908], [115.1800226, 35.4083452], [115.1781873, 35.4098289], [115.1760173, 35.4113398], [115.1735126, 35.4128778], [115.1716771, 35.4143614], [115.1702792, 35.4166102], [115.1690189, 35.4199155], [115.1676897, 35.4226926], [115.1691751, 35.426309], [115.1865423, 35.4246319], [115.1907202, 35.4229576], [115.1935595, 35.4213921], [115.196064, 35.4198537], [115.1978993, 35.4183698], [115.1997344, 35.4168858], [115.2012349, 35.415429], [115.2030354, 35.4136808], [115.2044668, 35.4116958], [115.2059326, 35.4099748], [115.2077674, 35.4084907], [115.2114821, 35.408455], [115.2136622, 35.409612], [115.2155768, 35.4113245], [115.2174916, 35.4130369], [115.2194064, 35.4147494], [115.2213213, 35.4164618], [115.2232363, 35.4181741], [115.2250822, 35.4193582], [115.2272628, 35.420515], [115.2291088, 35.4216991], [115.2312895, 35.4228558], [115.2338049, 35.4239851], [115.2359857, 35.4251417], [115.2378319, 35.4263256], [115.2400129, 35.4274822], [115.2418593, 35.428666], [115.2437057, 35.4298499], [115.2455522, 35.4310337], [115.2474334, 35.4324815], [115.24928, 35.4336653], [115.2511614, 35.4351131], [115.2530081, 35.4362968], [115.2548896, 35.4377445], [115.2567364, 35.4389282], [115.2585833, 35.4401118], [115.2605344, 35.4420876], [115.2625203, 35.4443276], [115.2644369, 35.4460393], [115.2662841, 35.4472228], [115.2682703, 35.4494626], [115.2702566, 35.4517025], [115.2722431, 35.4539422], [115.2742296, 35.456182], [115.2761815, 35.4581576], [115.2780987, 35.4598691], [115.280016, 35.4615806], [115.282003, 35.4638202], [115.2840597, 35.466588], [115.2860121, 35.4685634], [115.2879646, 35.4705388], [115.2898823, 35.4722501], [115.2917654, 35.4736973], [115.2936484, 35.4751445], [115.2954968, 35.4763275], [115.2973451, 35.4775105], [115.2995284, 35.478666], [115.3017117, 35.4798214], [115.3045648, 35.4809218], [115.3070831, 35.4820497], [115.3099363, 35.4831499], [115.3134593, 35.4841951], [115.3166475, 35.4852677], [115.3198359, 35.4863401], [115.3230243, 35.4874126], [115.3270076, 35.4868177], [115.328807, 35.4850678], [115.3306062, 35.4833179], [115.3284224, 35.482163], [115.3264686, 35.4801882], [115.3245498, 35.4784775], [115.3225962, 35.4765026], [115.3212134, 35.4686077], [115.3191614, 35.4607678], [115.3172432, 35.459057], [115.3146906, 35.4576652], [115.3133025, 35.4548429], [115.3146271, 35.4520644], [115.315463, 35.4455886], [115.3157404, 35.4348873], [115.3182081, 35.4330825], [115.3302895, 35.4323543], [115.340503, 35.432847], [115.3532534, 35.4320614], [115.3547513, 35.4306028], [115.3561791, 35.4286161], [115.3576419, 35.4268933], [115.3598088, 35.4253794], [115.3653214, 35.4235887], [115.3699001, 35.422409], [115.3757468, 35.4205902], [115.3775436, 35.4188395], [115.3786898, 35.4147399], [115.3800114, 35.4119606], [115.3883391, 35.4110035], [115.3943954, 35.4107682], [115.3962256, 35.4143542], [115.4000812, 35.4153692], [115.4092893, 35.4159395], [115.4141487, 35.4168707], [115.4173356, 35.4179408], [115.4215262, 35.4189273], [115.4418262, 35.4164364], [115.4436214, 35.4146848], [115.4474588, 35.4130299], [115.4512961, 35.4113749], [115.4558021, 35.409664], [115.4579666, 35.4081483], [115.4597966, 35.4066605], [115.4612213, 35.4046725], [115.4625399, 35.4018923], [115.4637875, 35.398584], [115.4649643, 35.3947476], [115.4662471, 35.3917033], [115.4731633, 35.3903242], [115.4826833, 35.3881928], [115.4940166, 35.3869768], [115.5011448, 35.3871804], [115.5108059, 35.386103], [115.5193214, 35.384053], [115.538272, 35.3816588], [115.5468085, 35.3822754], [115.5530048, 35.3830886], [115.5728372, 35.382217], [115.5760248, 35.3832831], [115.5782095, 35.3844338], [115.581063, 35.385528], [115.5881197, 35.3851987], [115.590281, 35.3836807], [115.5924422, 35.3821627], [115.607116, 35.3806536], [115.6169901, 35.3811522], [115.6271268, 35.3810936], [115.6299808, 35.3821867], [115.6325006, 35.383308], [115.6350205, 35.3844294], [115.6369077, 35.3858715], [115.638903, 35.3881055], [115.6408983, 35.3903396], [115.6428578, 35.3923095], [115.6450797, 35.3937231], [115.6472658, 35.3948726], [115.6491535, 35.3963145], [115.6519056, 35.4040923], [115.6540458, 35.4073821], [115.655898, 35.4085599], [115.6577502, 35.4097376], [115.6596385, 35.4111794], [115.6678447, 35.4118162], [115.6706089, 35.4171891], [115.6730751, 35.4228545], [115.6752889, 35.4266719], [115.6775391, 35.4307532], [115.6795727, 35.4332506], [115.681462, 35.4346919], [115.6836858, 35.4361047], [115.6865427, 35.4371965], [115.6976901, 35.4370466], [115.6995162, 35.4355554], [115.7023457, 35.4339784], [115.7068475, 35.4322585], [115.7133561, 35.4303668], [115.7155162, 35.4288467], [115.7140026, 35.4153552], [115.7154573, 35.4136284], [115.7169481, 35.4121654], [115.7187733, 35.4106739], [115.7205621, 35.4089183], [115.7227457, 35.4001848], [115.7324053, 35.3990904], [115.7379075, 35.3972834], [115.7495724, 35.3960157], [115.7580827, 35.3939495], [115.7925512, 35.391251], [115.8074109, 35.3886339], [115.8226039, 35.3859862], [115.8380889, 35.3854483], [115.8399433, 35.3866234], [115.8435056, 35.3879177], [115.851825, 35.3869298], [115.8529826, 35.3830898], [115.8542869, 35.3803055], [115.8557011, 35.378313], [115.8574861, 35.3765555], [115.8629838, 35.374743], [115.8678129, 35.3729882], [115.8703026, 35.3714364], [115.8716428, 35.3689159], [115.8731299, 35.3674511], [115.8745434, 35.3654584], [115.8763645, 35.3639645], [115.8784828, 35.3621776], [115.8859837, 35.3601898], [115.8876084, 35.3669941], [115.8971852, 35.3677636], [115.9147447, 35.3675696], [115.9182705, 35.3685978], [115.9224646, 35.3695677], [115.9266589, 35.3705374], [115.9298509, 35.3715945], [115.933377, 35.3726223], [115.936235, 35.3737084], [115.9394272, 35.3747653], [115.9439561, 35.3757052], [115.9484852, 35.376645], [115.9510093, 35.37776], [115.9528652, 35.3789334], [115.9550554, 35.3800776], [115.9585822, 35.3811047], [115.9691269, 35.3815171], [115.9726541, 35.3825438], [115.9755129, 35.383629], [115.9773693, 35.3848021], [115.9792629, 35.386239], [115.981305, 35.3887315], [115.9835698, 35.3976163], [115.9860209, 35.4006073], [115.9898834, 35.4016042], [115.9924089, 35.4027183], [115.9931152, 35.4101368], [115.9946019, 35.4182883], [115.9974995, 35.4196369], [116.0077153, 35.4200754], [116.0132506, 35.4209247], [116.0151829, 35.4226249], [116.0173762, 35.4261724], [116.019495, 35.429192], [116.021465, 35.4311561], [116.023435, 35.4331201], [116.0254798, 35.4356118], [116.0275992, 35.4386313], [116.0296442, 35.4411229], [116.0315774, 35.4428229], [116.033548, 35.4447867], [116.0362653, 35.4520281], [116.0388711, 35.4584778], [116.0420376, 35.4688856], [116.043897, 35.4700576], [116.0527815, 35.4706103], [116.0576519, 35.4715166], [116.0628569, 35.4723932], [116.0667239, 35.4733877], [116.070591, 35.4743821], [116.0741236, 35.4754059], [116.0770248, 35.4767526], [116.0789599, 35.4784518], [116.0808951, 35.480151], [116.0828303, 35.4818502], [116.0848032, 35.4838131], [116.0867762, 35.4857761], [116.0887117, 35.4874752], [116.091279, 35.4888511], [116.0964855, 35.4897263], [116.1013575, 35.4906309], [116.1052259, 35.4916242], [116.109429, 35.4925877], [116.1122938, 35.4936698], [116.1152755, 35.4979476], [116.1176635, 35.5028124], [116.1199388, 35.5068856], [116.121064, 35.5123967], [116.1179807, 35.5145404], [116.1165331, 35.5162718], [116.1182523, 35.5211959], [116.119687, 35.5336262], [116.1188038, 35.5393153], [116.1175816, 35.5426297], [116.1164346, 35.5464719], [116.1152875, 35.550314], [116.1140273, 35.5533646], [116.1128047, 35.556679], [116.1133058, 35.5673216], [116.1125723, 35.5740659], [116.1114999, 35.5784356], [116.1135175, 35.583066], [116.1190656, 35.5839106], [116.1209665, 35.5853452], [116.1226876, 35.590269], [116.1213517, 35.592792], [116.11953, 35.5942892], [116.1177082, 35.5957864], [116.1155513, 35.5973132], [116.1137294, 35.5988104], [116.1123177, 35.6008055], [116.1109813, 35.6033283], [116.1101344, 35.6092809], [116.1114564, 35.6209193], [116.1134711, 35.6231455], [116.1155991, 35.6261632], [116.1175764, 35.6281255], [116.1195161, 35.629824], [116.1213805, 35.6309948], [116.1233582, 35.632957], [116.1252604, 35.6343915], [116.1292916, 35.6388435], [116.137483, 35.6367816], [116.1560647, 35.6337967], [116.168277, 35.6313755], [116.1761314, 35.6293409], [116.1836504, 35.6273357], [116.2005525, 35.6244935], [116.235366, 35.6211164], [116.2519761, 35.6209652], [116.2669108, 35.6209622], [116.2955834, 35.6197223], [116.294176, 35.6217195], [116.292692, 35.623189], [116.299432, 35.62285], [116.3015477, 35.6210562], [116.3043334, 35.6192021], [116.3065836, 35.6230079], [116.3104611, 35.6239949], [116.3170475, 35.6225997], [116.3185311, 35.6211299], [116.3200145, 35.61966], [116.3214596, 35.6179263], [116.323278, 35.6164262], [116.3274415, 35.6147145], [116.3326591, 35.6155798], [116.3368716, 35.6165357], [116.3407492, 35.6175217], [116.3439568, 35.6185682], [116.3461593, 35.6197054], [116.3480269, 35.6208728], [116.3499715, 35.6225677], [116.350175, 35.6262906], [116.3487689, 35.6282884], [116.3472859, 35.6297586], [116.3458027, 35.6312288], [116.3439844, 35.6327292], [116.342166, 35.6342296], [116.340386, 35.6359938], [116.3382324, 35.6375244], [116.3364138, 35.6390247], [116.3352377, 35.6426049], [116.334907, 35.6519878], [116.3328681, 35.6543096], [116.3240096, 35.6564446], [116.3215582, 35.6582689], [116.3231783, 35.6623985], [116.3254202, 35.6637997], [116.3276622, 35.665201], [116.3301069, 35.6703251], [116.3322487, 35.6826916], [116.3351942, 35.6912443], [116.3383387, 35.6941674], [116.3380635, 35.6992695], [116.3369635, 35.7033771], [116.3382054, 35.7142213], [116.3402676, 35.7167075], [116.3421759, 35.7181387], [116.3444197, 35.7195396], [116.3469606, 35.7206465], [116.3488691, 35.7220776], [116.3510746, 35.7232146], [116.3529833, 35.7246456], [116.3548534, 35.7258129], [116.3567622, 35.7272439], [116.3587096, 35.7289386], [116.3592223, 35.7347712], [116.357479, 35.7367993], [116.3561482, 35.7393245], [116.3548944, 35.7423772], [116.3534478, 35.7441111], [116.3509558, 35.7456722], [116.346142, 35.7453048], [116.3439359, 35.7441677], [116.3419885, 35.7424728], [116.3400796, 35.7410416], [116.3382093, 35.7398742], [116.3326478, 35.7390393], [116.3297431, 35.7401027], [116.3284498, 35.7428914], [116.3270795, 35.7451525], [116.3256323, 35.7468861], [116.3244925, 35.7507297], [116.3230451, 35.7524633], [116.321262, 35.7542271], [116.319776, 35.7556969], [116.3179927, 35.7574606], [116.3168524, 35.7613042], [116.3155199, 35.7638289], [116.3137363, 35.7655926], [116.311617, 35.7673864], [116.308452, 35.7690069], [116.3062557, 35.7702732], [116.3048075, 35.7720065], [116.3044432, 35.7741769], [116.3067263, 35.7758422], [116.3086739, 35.7775376], [116.3106983, 35.7797605], [116.3126076, 35.7811921], [116.3144785, 35.7823599], [116.3173568, 35.7834372], [116.3202351, 35.7845143], [116.3221063, 35.785682], [116.3240159, 35.7871134], [116.3261949, 35.7903911], [116.3283741, 35.7936687], [116.3303995, 35.7958912], [116.3323096, 35.7973225], [116.334517, 35.7984598], [116.3384036, 35.7994458], [116.3446411, 35.8002198], [116.3524036, 35.7997871], [116.3542256, 35.7982867], [116.3560476, 35.7967862], [116.3640682, 35.795795], [116.3719847, 35.7964161], [116.3741926, 35.7975527], [116.3760649, 35.7987196], [116.3780145, 35.8004139], [116.3798868, 35.8015808], [116.3872361, 35.8006489], [116.3890188, 35.7988842], [116.3908401, 35.7973832], [116.3929971, 35.7958518], [116.4001907, 35.7938642], [116.4047495, 35.7947874], [116.4072937, 35.7958929], [116.4095021, 35.7970289], [116.4117107, 35.7981649], [116.4179488, 35.7989353], [116.4214485, 35.7972815], [116.425439, 35.7966521], [116.4279836, 35.7977572], [116.4298566, 35.7989233], [116.4324814, 35.8075039], [116.4353622, 35.8085784], [116.4389148, 35.8095918], [116.4407883, 35.8107577], [116.4430366, 35.8121568], [116.4472611, 35.8131089], [116.4501423, 35.8141831], [116.4531014, 35.8157846], [116.4516168, 35.8172559], [116.4506378, 35.8221554], [116.4524238, 35.8273378], [116.4561576, 35.8272654], [116.4597113, 35.8282782], [116.4575547, 35.8298107], [116.4577639, 35.8335331], [116.4603101, 35.8346376], [116.4625594, 35.8360363], [116.4663716, 35.8364909], [116.4679195, 35.833143], [116.4693262, 35.8311441], [116.4727632, 35.8313655], [116.4715905, 35.8349466], [116.4709726, 35.8376754], [116.4747849, 35.8381297], [116.4787771, 35.8374986], [116.4830034, 35.8384495], [116.4869175, 35.8372907], [116.4906518, 35.8372173], [116.4939876, 35.8390508], [116.4959408, 35.8407433], [116.4980504, 35.8434905], [116.5016444, 35.8447659], [116.501769, 35.8410129], [116.5065343, 35.8387067], [116.5094173, 35.8397795], [116.5133473, 35.8410238], [116.5135984, 35.8450097], [116.5145214, 35.8489343], [116.5167329, 35.8500683], [116.5186149, 35.8466891], [116.5219187, 35.8437142], [116.5239118, 35.8456699], [116.5262801, 35.8478585], [116.5342031, 35.8484694], [116.5374228, 35.8495108], [116.5392988, 35.8506753], [116.5420379, 35.8576405], [116.5440711, 35.8598596], [116.5463399, 35.8636606], [116.5473387, 35.8726562], [116.5488136, 35.8802718], [116.5508868, 35.8827544], [116.552598, 35.8919519], [116.5546323, 35.8941708], [116.5565096, 35.8953349], [116.5593954, 35.8964066], [116.5619451, 35.897509], [116.564831, 35.8985805], [116.567717, 35.899652], [116.5706031, 35.9007234], [116.5738255, 35.9017638], [116.5783926, 35.9026806], [116.5859854, 35.9033191], [116.5888719, 35.9043901], [116.5907894, 35.9058174], [116.5928252, 35.9080357], [116.5950189, 35.9113085], [116.5972523, 35.9148449], [116.6001962, 35.9231269], [116.6023117, 35.9258723], [116.6043484, 35.9280903], [116.6063062, 35.929781], [116.6083036, 35.9317354], [116.6103406, 35.9339533], [116.6123777, 35.9361712], [116.6142568, 35.9373345], [116.6242075, 35.9377538], [116.6291136, 35.9386378], [116.6326747, 35.9396457], [116.6355631, 35.9407155], [116.6376408, 35.9431967], [116.6386108, 35.9473837], [116.6372063, 35.9493844], [116.6354258, 35.9511524], [116.6319238, 35.952812], [116.6290944, 35.9544094], [116.627274, 35.9559137], [116.6282834, 35.9694521], [116.630441, 35.9770044], [116.6326778, 35.9805401], [116.6325397, 35.986433], [116.6343416, 35.9916125], [116.6364602, 35.9943572], [116.6384996, 35.9965747], [116.6405392, 35.998792], [116.6424212, 36.0044986], [116.644818, 36.0090886], [116.6468184, 36.0110422], [116.6486999, 36.012205], [116.650918, 36.0133366], [116.6531759, 36.0147319], [116.6550576, 36.0158945], [116.6570981, 36.0181116], [116.6593771, 36.0219104], [116.661259, 36.023073], [116.6628671, 36.0314776], [116.6610852, 36.033246], [116.6572623, 36.0327972], [116.6553802, 36.0316346], [116.6534188, 36.0299447], [116.6515368, 36.028782], [116.6481699, 36.0290928], [116.647042, 36.0329388], [116.6442496, 36.0348002], [116.6356137, 36.0363983], [116.632385, 36.0353595], [116.629493, 36.0342896], [116.6224614, 36.0352045], [116.619292, 36.0368326], [116.6153699, 36.0379954], [116.6134092, 36.0363049], [116.6034459, 36.0358848], [116.5958005, 36.0349837], [116.5938403, 36.0332929], [116.590236, 36.0320203], [116.5866713, 36.0310113], [116.5841379, 36.0277694], [116.5755227, 36.0272234], [116.5688278, 36.0281045], [116.5718487, 36.0414578], [116.571466, 36.0503123], [116.5689686, 36.0518774], [116.5577134, 36.0542444], [116.557014, 36.0609898], [116.5556841, 36.0635167], [116.5542754, 36.0655163], [116.5517772, 36.0670811], [116.5384191, 36.069104], [116.5300356, 36.0701369], [116.5081746, 36.0723979], [116.4892665, 36.073852], [116.4863833, 36.0682353], [116.4829987, 36.066138], [116.4780861, 36.0652484], [116.4694676, 36.0646953], [116.4652292, 36.063744], [116.4599801, 36.0628843], [116.446982, 36.062727], [116.4451024, 36.0615613], [116.4425489, 36.0604566], [116.4406694, 36.0592908], [116.438453, 36.0581555], [116.4329456, 36.0578526], [116.4294734, 36.0597701], [116.429643, 36.0632285], [116.4286596, 36.0681273], [116.4231261, 36.0699639], [116.4069906, 36.0716893], [116.4027526, 36.070736], [116.3988255, 36.071892], [116.3980343, 36.078109], [116.3966602, 36.0803706], [116.3952082, 36.0821048], [116.393795, 36.0841026], [116.3923818, 36.0861004], [116.3889073, 36.0880169], [116.3816085, 36.0894762], [116.3739992, 36.0888254], [116.3647047, 36.0883259], [116.3624499, 36.0869256], [116.3605709, 36.0857586], [116.3583549, 36.0846219], [116.3532605, 36.0848126], [116.3514365, 36.0793656], [116.3501707, 36.0730669], [116.3482148, 36.0713724], [116.3452868, 36.0700323], [116.3420605, 36.0689861], [116.3398453, 36.0678491], [116.3379671, 36.0666818], [116.3355866, 36.0620861], [116.3332944, 36.0604216], [116.3277101, 36.0595866], [116.321115, 36.0588421], [116.3188618, 36.057441], [116.3169456, 36.0560096], [116.3146926, 36.0546084], [116.3118043, 36.0535313], [116.3030054, 36.0540519], [116.3026104, 36.049011], [116.3008293, 36.0438269], [116.300473, 36.0390497], [116.2982881, 36.035772], [116.2972583, 36.031055], [116.2917533, 36.0307459], [116.289251, 36.0323056], [116.2870853, 36.033835], [116.2855933, 36.0353042], [116.2841013, 36.0367734], [116.2755347, 36.0388745], [116.2706735, 36.0406444], [116.2692963, 36.0429046], [116.2684182, 36.0485934], [116.2675017, 36.0540184], [116.2660089, 36.0554874], [116.2645545, 36.05722], [116.2631, 36.0589527], [116.2617223, 36.0612128], [116.2599307, 36.0629755], [116.2574266, 36.0645345], [116.2559718, 36.0662671], [116.2579975, 36.0778415], [116.2597765, 36.0830261], [116.258475, 36.0858136], [116.2569815, 36.0872824], [116.2559485, 36.0919161], [116.2580564, 36.094667], [116.2567547, 36.0974545], [116.2562807, 36.1012369], [116.2586193, 36.1055702], [116.2604972, 36.1067387], [116.2629899, 36.1121268], [116.2652436, 36.1135289], [116.2645268, 36.122676], [116.2603347, 36.1243853], [116.2590709, 36.1274365], [116.256159, 36.1309016], [116.2516289, 36.1326406], [116.2506334, 36.1375379], [116.2490701, 36.1408827], [116.2469006, 36.1424114], [116.2416182, 36.1436826], [116.237087, 36.1454211], [116.2369185, 36.1513132], [116.2358835, 36.1559466], [116.2344265, 36.1576788], [116.2333529, 36.1620485], [116.2292346, 36.1642841], [116.2272557, 36.1671312], [116.2244485, 36.1689831], [116.2195779, 36.1707509], [116.2179671, 36.171428]], [[116.095271, 36.1120007], [116.0956082, 36.1119711], [116.0955704, 36.1117074], [116.0952331, 36.111737], [116.095271, 36.1120007]], [[116.0948959, 36.1117666], [116.0952331, 36.111737], [116.0951953, 36.1114732], [116.094858, 36.1115028], [116.0948959, 36.1117666]], [[116.0945207, 36.1115324], [116.094858, 36.1115028], [116.0948202, 36.111239], [116.0944829, 36.1112686], [116.0945207, 36.1115324]], [[116.0941456, 36.1112982], [116.0944829, 36.1112686], [116.094445, 36.1110048], [116.0941078, 36.1110344], [116.0941456, 36.1112982]], [[116.0937705, 36.111064], [116.0941078, 36.1110344], [116.0940699, 36.1107706], [116.0937327, 36.1108002], [116.0937705, 36.111064]], [[116.0933954, 36.1108298], [116.0937327, 36.1108002], [116.0936948, 36.1105365], [116.0933576, 36.110566], [116.0933954, 36.1108298]], [[116.092683, 36.1106252], [116.0930203, 36.1105956], [116.0929825, 36.1103319], [116.0926452, 36.1103615], [116.092683, 36.1106252]], [[116.0923079, 36.1103911], [116.0926452, 36.1103615], [116.0926074, 36.1100977], [116.0922701, 36.1101273], [116.0923079, 36.1103911]], [[116.0919328, 36.1101569], [116.0922701, 36.1101273], [116.0921944, 36.1095997], [116.0918572, 36.1096293], [116.0919328, 36.1101569]], [[116.0921944, 36.1095997], [116.0925317, 36.1095701], [116.092456, 36.1090425], [116.0921187, 36.1090721], [116.0921944, 36.1095997]], [[116.092456, 36.1090425], [116.0927933, 36.109013], [116.0926797, 36.1082216], [116.0923425, 36.1082512], [116.092456, 36.1090425]], [[116.0926797, 36.1082216], [116.093017, 36.108192], [116.0929413, 36.1076644], [116.0926041, 36.107694], [116.0926797, 36.1082216]], [[116.0929413, 36.1076644], [116.0932786, 36.1076348], [116.0932029, 36.1071073], [116.0928656, 36.1071369], [116.0929413, 36.1076644]], [[116.0932029, 36.1071073], [116.0935401, 36.1070777], [116.0935023, 36.1068139], [116.093165, 36.1068435], [116.0932029, 36.1071073]], [[116.0935023, 36.1068139], [116.0938395, 36.1067843], [116.0937639, 36.1062567], [116.0934266, 36.1062863], [116.0935023, 36.1068139]], [[116.0937639, 36.1062567], [116.0941011, 36.1062271], [116.0939876, 36.1054358], [116.0936503, 36.1054654], [116.0937639, 36.1062567]], [[116.0939876, 36.1054358], [116.0943248, 36.1054062], [116.0942491, 36.1048786], [116.0939119, 36.1049082], [116.0939876, 36.1054358]], [[116.0942491, 36.1048786], [116.0945864, 36.104849], [116.0945485, 36.1045852], [116.0942113, 36.1046148], [116.0942491, 36.1048786]], [[116.093874, 36.1046444], [116.0942113, 36.1046148], [116.0941734, 36.1043511], [116.0938362, 36.1043807], [116.093874, 36.1046444]], [[116.0928245, 36.1044695], [116.0931617, 36.1044399], [116.0931239, 36.1041761], [116.0927867, 36.1042057], [116.0928245, 36.1044695]], [[116.0907632, 36.1043832], [116.0911005, 36.1043536], [116.0908357, 36.1025072], [116.0904984, 36.1025368], [116.0907632, 36.1043832]], [[116.0915101, 36.102448], [116.0918473, 36.1024184], [116.0918095, 36.1021546], [116.0914723, 36.1021842], [116.0915101, 36.102448]], [[116.0918095, 36.1021546], [116.0921467, 36.102125], [116.0919197, 36.1005423], [116.0915825, 36.1005719], [116.0918095, 36.1021546]], [[116.092257, 36.1005127], [116.0925942, 36.1004831], [116.0913836, 36.092042], [116.0910464, 36.0920716], [116.092257, 36.1005127]], [[116.0886861, 36.0922787], [116.0890233, 36.0922492], [116.0887208, 36.0901389], [116.0883836, 36.0901685], [116.0886861, 36.0922787]], [[116.0726766, 36.0496108], [116.0730136, 36.0495813], [116.0729759, 36.0493175], [116.0726389, 36.049347], [116.0726766, 36.0496108]], [[116.0729759, 36.0493175], [116.0733129, 36.0492879], [116.0732751, 36.0490241], [116.0729381, 36.0490537], [116.0729759, 36.0493175]], [[116.0732751, 36.0490241], [116.0736121, 36.0489946], [116.0735744, 36.0487308], [116.0732374, 36.0487603], [116.0732751, 36.0490241]], [[116.0733857, 36.0474118], [116.0737227, 36.0473823], [116.0736849, 36.0471185], [116.0733479, 36.047148], [116.0733857, 36.0474118]], [[116.0734962, 36.0457995], [116.0738332, 36.04577], [116.0737954, 36.0455062], [116.0734584, 36.0455357], [116.0734962, 36.0457995]], [[115.9811939, 35.9748022], [115.9815306, 35.9747729], [115.9814932, 35.9745091], [115.9811565, 35.9745384], [115.9811939, 35.9748022]], [[115.9798096, 35.9746556], [115.9801463, 35.9746263], [115.9801089, 35.9743625], [115.9797722, 35.9743918], [115.9798096, 35.9746556]], [[115.9780886, 35.9745382], [115.9784254, 35.974509], [115.978388, 35.9742451], [115.9780513, 35.9742744], [115.9780886, 35.9745382]], [[115.9773778, 35.974333], [115.9777145, 35.9743037], [115.9776772, 35.9740399], [115.9773404, 35.9740692], [115.9773778, 35.974333]], [[115.9763303, 35.974157], [115.976667, 35.9741278], [115.9766296, 35.9738639], [115.9762929, 35.9738932], [115.9763303, 35.974157]], [[115.9756195, 35.9739518], [115.9759562, 35.9739225], [115.9759188, 35.9736587], [115.9755821, 35.973688], [115.9756195, 35.9739518]], [[116.0370838, 35.9675222], [116.0374205, 35.9674927], [116.0373829, 35.9672289], [116.0370463, 35.9672583], [116.0370838, 35.9675222]], [[116.0350263, 35.967435], [116.0353629, 35.9674056], [116.0353254, 35.9671418], [116.0349887, 35.9671712], [116.0350263, 35.967435]], [[115.9251206, 35.9639121], [115.9254573, 35.9638829], [115.9254201, 35.9636191], [115.9250834, 35.9636482], [115.9251206, 35.9639121]], [[115.9237367, 35.9637648], [115.9240734, 35.9637357], [115.9240362, 35.9634718], [115.9236995, 35.963501], [115.9237367, 35.9637648]], [[115.922016, 35.9636467], [115.9223527, 35.9636175], [115.9223155, 35.9633537], [115.9219788, 35.9633828], [115.922016, 35.9636467]], [[115.9202954, 35.9635286], [115.9206321, 35.9634994], [115.9205949, 35.9632356], [115.9202582, 35.9632647], [115.9202954, 35.9635286]], [[115.9189114, 35.9633813], [115.9192481, 35.9633521], [115.9192109, 35.9630883], [115.9188742, 35.9631174], [115.9189114, 35.9633813]], [[115.9046147, 35.9344394], [115.9049513, 35.9344103], [115.9049142, 35.9341465], [115.9045776, 35.9341756], [115.9046147, 35.9344394]], [[115.8677676, 35.9194598], [115.8681041, 35.9194308], [115.8680671, 35.9191669], [115.8677306, 35.9191959], [115.8677676, 35.9194598]], [[115.8673941, 35.9192249], [115.8677306, 35.9191959], [115.8676567, 35.9186682], [115.8673201, 35.9186972], [115.8673941, 35.9192249]], [[115.8669836, 35.9187262], [115.8673201, 35.9186972], [115.8672832, 35.9184333], [115.8669466, 35.9184623], [115.8669836, 35.9187262]], [[115.8666101, 35.9184913], [115.8669466, 35.9184623], [115.8668727, 35.9179346], [115.8665362, 35.9179636], [115.8666101, 35.9184913]], [[115.8661997, 35.9179926], [115.8665362, 35.9179636], [115.8664992, 35.9176997], [115.8661627, 35.9177287], [115.8661997, 35.9179926]], [[115.8658262, 35.9177577], [115.8661627, 35.9177287], [115.8660887, 35.917201], [115.8657522, 35.91723], [115.8658262, 35.9177577]], [[115.8654157, 35.917259], [115.8657522, 35.91723], [115.8657152, 35.9169661], [115.8653787, 35.9169951], [115.8654157, 35.917259]], [[115.8650422, 35.9170241], [115.8653787, 35.9169951], [115.8653048, 35.9164674], [115.8649683, 35.9164964], [115.8650422, 35.9170241]], [[115.8646317, 35.9165253], [115.8649683, 35.9164964], [115.8649313, 35.9162325], [115.8645948, 35.9162615], [115.8646317, 35.9165253]], [[115.8642583, 35.9162905], [115.8645948, 35.9162615], [115.8645208, 35.9157337], [115.8641843, 35.9157627], [115.8642583, 35.9162905]], [[115.8638478, 35.9157917], [115.8641843, 35.9157627], [115.8641104, 35.915235], [115.8637739, 35.915264], [115.8638478, 35.9157917]], [[115.8634374, 35.915293], [115.8637739, 35.915264], [115.863663, 35.9144724], [115.8633265, 35.9145014], [115.8634374, 35.915293]], [[115.86299, 35.9145303], [115.8633265, 35.9145014], [115.8632156, 35.9137097], [115.8628791, 35.9137387], [115.86299, 35.9145303]], [[115.8625426, 35.9137677], [115.8628791, 35.9137387], [115.8627682, 35.9129471], [115.8624317, 35.9129761], [115.8625426, 35.9137677]], [[115.8620952, 35.9130051], [115.8624317, 35.9129761], [115.8623208, 35.9121845], [115.8619843, 35.9122135], [115.8620952, 35.9130051]], [[115.861848, 35.9039465], [115.8621844, 35.9039175], [115.8621475, 35.9036536], [115.861811, 35.9036826], [115.861848, 35.9039465]], [[115.8621475, 35.9036536], [115.8624839, 35.9036247], [115.862447, 35.9033608], [115.8621105, 35.9033898], [115.8621475, 35.9036536]], [[115.862447, 35.9033608], [115.8627834, 35.9033318], [115.8627464, 35.9030679], [115.86241, 35.9030969], [115.862447, 35.9033608]], [[115.8627464, 35.9030679], [115.8630829, 35.9030389], [115.8630459, 35.9027751], [115.8627095, 35.9028041], [115.8627464, 35.9030679]], [[115.8633824, 35.9027461], [115.8637188, 35.9027171], [115.8636819, 35.9024532], [115.8633454, 35.9024822], [115.8633824, 35.9027461]], [[115.8640183, 35.9024242], [115.8643548, 35.9023952], [115.8643178, 35.9021314], [115.8639814, 35.9021604], [115.8640183, 35.9024242]], [[115.8643178, 35.9021314], [115.8646543, 35.9021024], [115.8646173, 35.9018385], [115.8642808, 35.9018675], [115.8643178, 35.9021314]], [[115.8649537, 35.9018095], [115.8652902, 35.9017805], [115.8652532, 35.9015167], [115.8649168, 35.9015456], [115.8649537, 35.9018095]], [[115.8652532, 35.9015167], [115.8655897, 35.9014877], [115.8655527, 35.9012238], [115.8652162, 35.9012528], [115.8652532, 35.9015167]], [[115.8658891, 35.9011948], [115.8662256, 35.9011658], [115.8661886, 35.9009019], [115.8658522, 35.9009309], [115.8658891, 35.9011948]], [[115.8661886, 35.9009019], [115.866525, 35.9008729], [115.8664881, 35.9006091], [115.8661516, 35.9006381], [115.8661886, 35.9009019]], [[115.8668245, 35.9005801], [115.8671609, 35.9005511], [115.867124, 35.9002872], [115.8667875, 35.9003162], [115.8668245, 35.9005801]], [[115.8674604, 35.9002582], [115.8677968, 35.9002292], [115.8677599, 35.8999653], [115.8674234, 35.8999943], [115.8674604, 35.9002582]], [[115.8677599, 35.8999653], [115.8680963, 35.8999363], [115.8680593, 35.8996724], [115.8677229, 35.8997014], [115.8677599, 35.8999653]], [[115.8683958, 35.8996434], [115.8687322, 35.8996144], [115.8686952, 35.8993506], [115.8683588, 35.8993796], [115.8683958, 35.8996434]], [[115.8854549, 35.8877562], [115.8857913, 35.8877271], [115.8857543, 35.8874633], [115.8854179, 35.8874923], [115.8854549, 35.8877562]], [[115.8857543, 35.8874633], [115.8860906, 35.8874342], [115.8860536, 35.8871704], [115.8857172, 35.8871994], [115.8857543, 35.8874633]], [[115.8860536, 35.8871704], [115.8867263, 35.8871123], [115.8866893, 35.8868484], [115.8860166, 35.8869065], [115.8860536, 35.8871704]], [[115.8866893, 35.8868484], [115.8870257, 35.8868193], [115.8869886, 35.8865555], [115.8866523, 35.8865845], [115.8866893, 35.8868484]], [[115.8869886, 35.8865555], [115.887325, 35.8865264], [115.887288, 35.8862625], [115.8869516, 35.8862916], [115.8869886, 35.8865555]], [[115.887288, 35.8862625], [115.8876244, 35.8862335], [115.8875873, 35.8859696], [115.8872509, 35.8859987], [115.887288, 35.8862625]], [[115.8875873, 35.8859696], [115.8879237, 35.8859406], [115.8878866, 35.8856767], [115.8875503, 35.8857058], [115.8875873, 35.8859696]], [[115.8878866, 35.8856767], [115.8885594, 35.8856186], [115.8885223, 35.8853547], [115.8878496, 35.8854128], [115.8878866, 35.8856767]], [[115.8884853, 35.8850909], [115.8888217, 35.8850618], [115.8887846, 35.8847979], [115.8884483, 35.884827], [115.8884853, 35.8850909]], [[115.8887846, 35.8847979], [115.889121, 35.8847689], [115.8890839, 35.884505], [115.8887476, 35.8845341], [115.8887846, 35.8847979]], [[115.8890839, 35.884505], [115.8894203, 35.884476], [115.8893833, 35.8842121], [115.8890469, 35.8842412], [115.8890839, 35.884505]], [[115.8893462, 35.8839482], [115.8896826, 35.8839192], [115.8896455, 35.8836553], [115.8893092, 35.8836844], [115.8893462, 35.8839482]], [[115.8896455, 35.8836553], [115.8899819, 35.8836262], [115.8899449, 35.8833624], [115.8896085, 35.8833914], [115.8896455, 35.8836553]], [[115.8684872, 35.8638495], [115.8688235, 35.8638205], [115.8687865, 35.8635566], [115.8684503, 35.8635856], [115.8684872, 35.8638495]], [[115.868114, 35.8636146], [115.8684503, 35.8635856], [115.8684133, 35.8633217], [115.868077, 35.8633507], [115.868114, 35.8636146]], [[115.8677407, 35.8633797], [115.868077, 35.8633507], [115.8680401, 35.8630868], [115.8677038, 35.8631158], [115.8677407, 35.8633797]], [[115.8673675, 35.8631448], [115.8677038, 35.8631158], [115.8676668, 35.862852], [115.8673305, 35.862881], [115.8673675, 35.8631448]], [[115.8669943, 35.86291], [115.8673305, 35.862881], [115.8672936, 35.8626171], [115.8669573, 35.8626461], [115.8669943, 35.86291]], [[115.866621, 35.8626751], [115.8669573, 35.8626461], [115.8669204, 35.8623822], [115.8665841, 35.8624112], [115.866621, 35.8626751]], [[115.8662478, 35.8624402], [115.8665841, 35.8624112], [115.8665471, 35.8621473], [115.8662109, 35.8621763], [115.8662478, 35.8624402]], [[115.8658746, 35.8622053], [115.8662109, 35.8621763], [115.8661739, 35.8619125], [115.8658376, 35.8619415], [115.8658746, 35.8622053]], [[115.8655014, 35.8619705], [115.8658376, 35.8619415], [115.8658007, 35.8616776], [115.8654644, 35.8617066], [115.8655014, 35.8619705]], [[115.8651281, 35.8617356], [115.8654644, 35.8617066], [115.8654275, 35.8614427], [115.8650912, 35.8614717], [115.8651281, 35.8617356]], [[115.8647549, 35.8615007], [115.8650912, 35.8614717], [115.8650542, 35.8612078], [115.864718, 35.8612368], [115.8647549, 35.8615007]], [[115.8643817, 35.8612658], [115.864718, 35.8612368], [115.864681, 35.8609729], [115.8643448, 35.8610019], [115.8643817, 35.8612658]], [[115.8640085, 35.8610309], [115.8643448, 35.8610019], [115.8643078, 35.8607381], [115.8639715, 35.860767], [115.8640085, 35.8610309]], [[115.8636353, 35.860796], [115.8639715, 35.860767], [115.8639346, 35.8605032], [115.8635983, 35.8605322], [115.8636353, 35.860796]], [[115.8632621, 35.8605611], [115.8635983, 35.8605322], [115.8635614, 35.8602683], [115.8632251, 35.8602973], [115.8632621, 35.8605611]], [[115.8628889, 35.8603263], [115.8632251, 35.8602973], [115.8631882, 35.8600334], [115.8628519, 35.8600624], [115.8628889, 35.8603263]], [[115.8625156, 35.8600914], [115.8628519, 35.8600624], [115.862815, 35.8597985], [115.8624787, 35.8598275], [115.8625156, 35.8600914]], [[115.8621424, 35.8598565], [115.8624787, 35.8598275], [115.8624418, 35.8595636], [115.8621055, 35.8595926], [115.8621424, 35.8598565]], [[115.8617692, 35.8596216], [115.8621055, 35.8595926], [115.8620686, 35.8593287], [115.8617323, 35.8593577], [115.8617692, 35.8596216]], [[115.7551948, 35.8321789], [115.755531, 35.8321501], [115.7554578, 35.8316223], [115.7551217, 35.831651], [115.7551948, 35.8321789]], [[115.7547855, 35.8316797], [115.7551217, 35.831651], [115.7550485, 35.8311232], [115.7547124, 35.8311519], [115.7547855, 35.8316797]], [[115.7543762, 35.8311806], [115.7547124, 35.8311519], [115.7546027, 35.8303602], [115.7542665, 35.8303889], [115.7543762, 35.8311806]], [[115.7539303, 35.8304176], [115.7542665, 35.8303889], [115.7541934, 35.829861], [115.7538572, 35.8298897], [115.7539303, 35.8304176]], [[115.753521, 35.8299184], [115.7538572, 35.8298897], [115.7537475, 35.829098], [115.7534114, 35.8291267], [115.753521, 35.8299184]], [[115.7530752, 35.8291554], [115.7534114, 35.8291267], [115.7533748, 35.8288628], [115.7530386, 35.8288915], [115.7530752, 35.8291554]], [[115.7527025, 35.8289202], [115.7530386, 35.8288915], [115.7530021, 35.8286276], [115.7526659, 35.8286563], [115.7527025, 35.8289202]], [[115.7519936, 35.8287137], [115.7523297, 35.828685], [115.7522932, 35.8284211], [115.751957, 35.8284498], [115.7519936, 35.8287137]], [[115.7516208, 35.8284784], [115.751957, 35.8284498], [115.7519205, 35.8281858], [115.7515843, 35.8282145], [115.7516208, 35.8284784]], [[115.7512481, 35.8282432], [115.7515843, 35.8282145], [115.7515478, 35.8279506], [115.7512116, 35.8279793], [115.7512481, 35.8282432]], [[115.7508754, 35.828008], [115.7512116, 35.8279793], [115.751175, 35.8277154], [115.7508389, 35.8277441], [115.7508754, 35.828008]], [[115.7505027, 35.8277728], [115.7508389, 35.8277441], [115.7508023, 35.8274802], [115.7504662, 35.8275089], [115.7505027, 35.8277728]], [[115.75013, 35.8275376], [115.7504662, 35.8275089], [115.7504296, 35.827245], [115.7500934, 35.8272736], [115.75013, 35.8275376]], [[115.7497573, 35.8273023], [115.7500934, 35.8272736], [115.7500569, 35.8270097], [115.7497207, 35.8270384], [115.7497573, 35.8273023]], [[115.7493846, 35.8270671], [115.7497207, 35.8270384], [115.7496842, 35.8267745], [115.749348, 35.8268032], [115.7493846, 35.8270671]], [[115.7490119, 35.8268319], [115.749348, 35.8268032], [115.7493115, 35.8265393], [115.7489753, 35.826568], [115.7490119, 35.8268319]], [[115.7486392, 35.8265966], [115.7489753, 35.826568], [115.7489388, 35.826304], [115.7486026, 35.8263327], [115.7486392, 35.8265966]], [[115.6986634, 35.7996098], [115.6989994, 35.7995813], [115.6988904, 35.7987895], [115.6985543, 35.798818], [115.6986634, 35.7996098]], [[115.6982182, 35.7988466], [115.6985543, 35.798818], [115.6984816, 35.7982902], [115.6981455, 35.7983187], [115.6982182, 35.7988466]], [[115.6978095, 35.7983473], [115.6981455, 35.7983187], [115.6980365, 35.7975269], [115.6977004, 35.7975555], [115.6978095, 35.7983473]], [[115.6973643, 35.797584], [115.6977004, 35.7975555], [115.6976277, 35.7970276], [115.6972916, 35.7970561], [115.6973643, 35.797584]], [[115.6969556, 35.7970847], [115.6972916, 35.7970561], [115.6970009, 35.7949447], [115.6966648, 35.7949732], [115.6969556, 35.7970847]], [[115.6963288, 35.7950018], [115.6966648, 35.7949732], [115.696374, 35.7928618], [115.696038, 35.7928903], [115.6963288, 35.7950018]], [[115.695702, 35.7929189], [115.696038, 35.7928903], [115.6957473, 35.7907788], [115.6954112, 35.7908074], [115.695702, 35.7929189]], [[115.6950752, 35.7908359], [115.6954112, 35.7908074], [115.6951205, 35.7886959], [115.6947845, 35.7887245], [115.6950752, 35.7908359]], [[115.6944485, 35.788753], [115.6947845, 35.7887245], [115.6944575, 35.7863491], [115.6941215, 35.7863776], [115.6944485, 35.788753]], [[115.6937854, 35.7864061], [115.6941215, 35.7863776], [115.6938308, 35.7842661], [115.6934948, 35.7842947], [115.6937854, 35.7864061]], [[115.6931588, 35.7843232], [115.6934948, 35.7842947], [115.6923323, 35.7758487], [115.6919964, 35.7758773], [115.6931588, 35.7843232]], [[115.584938, 35.7384671], [115.5852738, 35.7384388], [115.5852379, 35.7381749], [115.584902, 35.7382031], [115.584938, 35.7384671]], [[115.5838945, 35.7382879], [115.5842303, 35.7382596], [115.5841944, 35.7379957], [115.5838586, 35.7380239], [115.5838945, 35.7382879]], [[115.582851, 35.7381086], [115.5831869, 35.7380804], [115.5831509, 35.7378164], [115.5828151, 35.7378447], [115.582851, 35.7381086]], [[115.5818076, 35.7379294], [115.5821434, 35.7379012], [115.5821075, 35.7376372], [115.5817716, 35.7376654], [115.5818076, 35.7379294]], [[115.5811, 35.7377219], [115.5814358, 35.7376937], [115.5813999, 35.7374297], [115.581064, 35.7374579], [115.5811, 35.7377219]], [[115.5800565, 35.7375427], [115.5803924, 35.7375144], [115.5803564, 35.7372504], [115.5800206, 35.7372787], [115.5800565, 35.7375427]], [[115.5793489, 35.7373352], [115.5796847, 35.7373069], [115.5796488, 35.7370429], [115.579313, 35.7370712], [115.5793489, 35.7373352]], [[115.5245034, 35.7336578], [115.5248392, 35.7336297], [115.5247678, 35.7331018], [115.5244319, 35.7331298], [115.5245034, 35.7336578]], [[115.5240961, 35.7331579], [115.5244319, 35.7331298], [115.5243962, 35.7328659], [115.5240603, 35.7328939], [115.5240961, 35.7331579]], [[115.5237245, 35.732922], [115.5240603, 35.7328939], [115.5240246, 35.73263], [115.5236888, 35.732658], [115.5237245, 35.732922]], [[115.5233529, 35.7326861], [115.5236888, 35.732658], [115.523653, 35.7323941], [115.5233172, 35.7324221], [115.5233529, 35.7326861]], [[115.5229813, 35.7324502], [115.5233172, 35.7324221], [115.52321, 35.7316302], [115.5228742, 35.7316583], [115.5229813, 35.7324502]], [[115.5225383, 35.7316863], [115.5228742, 35.7316583], [115.5227312, 35.7306023], [115.5223954, 35.7306304], [115.5225383, 35.7316863]], [[115.4727016, 35.704609], [115.4730373, 35.7045811], [115.4729662, 35.7040531], [115.4726305, 35.704081], [115.4727016, 35.704609]], [[115.4722948, 35.704109], [115.4726305, 35.704081], [115.4725239, 35.703289], [115.4721881, 35.7033169], [115.4722948, 35.704109]], [[115.4718524, 35.7033449], [115.4721881, 35.7033169], [115.4720459, 35.7022609], [115.4717102, 35.7022889], [115.4718524, 35.7033449]], [[115.4713745, 35.7023168], [115.4717102, 35.7022889], [115.4715325, 35.7009688], [115.4711968, 35.7009968], [115.4713745, 35.7023168]], [[115.4708611, 35.7010247], [115.4711968, 35.7009968], [115.4711257, 35.7004687], [115.47079, 35.7004967], [115.4708611, 35.7010247]], [[115.4704543, 35.7005246], [115.47079, 35.7004967], [115.4707189, 35.6999687], [115.4703832, 35.6999966], [115.4704543, 35.7005246]], [[115.4700475, 35.7000246], [115.4703832, 35.6999966], [115.4702055, 35.6986766], [115.4698698, 35.6987045], [115.4700475, 35.7000246]], [[115.4695341, 35.6987325], [115.4698698, 35.6987045], [115.4697987, 35.6981765], [115.469463, 35.6982044], [115.4695341, 35.6987325]], [[115.4691273, 35.6982324], [115.469463, 35.6982044], [115.4693919, 35.6976764], [115.4690562, 35.6977044], [115.4691273, 35.6982324]], [[115.4687205, 35.6977323], [115.4690562, 35.6977044], [115.4689141, 35.6966483], [115.4685784, 35.6966763], [115.4687205, 35.6977323]], [[115.4682427, 35.6967042], [115.4685784, 35.6966763], [115.4684718, 35.6958842], [115.4681361, 35.6959122], [115.4682427, 35.6967042]], [[115.4678004, 35.6959401], [115.4681361, 35.6959122], [115.4680295, 35.6951202], [115.4676938, 35.6951481], [115.4678004, 35.6959401]], [[115.4673581, 35.695176], [115.4676938, 35.6951481], [115.4675517, 35.6940921], [115.467216, 35.69412], [115.4673581, 35.695176]], [[115.4668803, 35.6941479], [115.467216, 35.69412], [115.4671094, 35.693328], [115.4667738, 35.6933559], [115.4668803, 35.6941479]], [[115.4664381, 35.6933838], [115.4667738, 35.6933559], [115.4666317, 35.6922999], [115.466296, 35.6923278], [115.4664381, 35.6933838]], [[115.4659603, 35.6923557], [115.466296, 35.6923278], [115.4661894, 35.6915358], [115.4658537, 35.6915637], [115.4659603, 35.6923557]], [[115.4097754, 35.6326824], [115.4101109, 35.6326546], [115.4094755, 35.627902], [115.40914, 35.6279298], [115.4097754, 35.6326824]], [[115.3596943, 35.5698164], [115.3600295, 35.5697887], [115.3599944, 35.5695247], [115.3596592, 35.5695523], [115.3596943, 35.5698164]], [[115.3589888, 35.5696076], [115.359324, 35.56958], [115.3592889, 35.5693159], [115.3589537, 35.5693436], [115.3589888, 35.5696076]], [[115.3586185, 35.5693712], [115.3589537, 35.5693436], [115.3589186, 35.5690795], [115.3585834, 35.5691072], [115.3586185, 35.5693712]], [[115.3582482, 35.5691348], [115.3585834, 35.5691072], [115.3585483, 35.5688431], [115.3582131, 35.5688708], [115.3582482, 35.5691348]], [[115.3578779, 35.5688984], [115.3582131, 35.5688708], [115.358178, 35.5686067], [115.3578428, 35.5686344], [115.3578779, 35.5688984]], [[115.3575076, 35.568662], [115.3578428, 35.5686344], [115.3578077, 35.5683703], [115.3574725, 35.568398], [115.3575076, 35.568662]], [[115.3571373, 35.5684256], [115.3574725, 35.568398], [115.3574023, 35.5678698], [115.3570672, 35.5678975], [115.3571373, 35.5684256]], [[115.356732, 35.5679251], [115.3570672, 35.5678975], [115.3570321, 35.5676334], [115.3566969, 35.5676611], [115.356732, 35.5679251]], [[115.3563617, 35.5676887], [115.3566969, 35.5676611], [115.3566618, 35.567397], [115.3563266, 35.5674247], [115.3563617, 35.5676887]], [[115.3559914, 35.5674523], [115.3563266, 35.5674247], [115.3562915, 35.5671606], [115.3559563, 35.5671882], [115.3559914, 35.5674523]], [[115.3556211, 35.5672159], [115.3559563, 35.5671882], [115.3559212, 35.5669242], [115.355586, 35.5669518], [115.3556211, 35.5672159]], [[115.3552508, 35.5669795], [115.355586, 35.5669518], [115.3555509, 35.5666878], [115.3552157, 35.5667154], [115.3552508, 35.5669795]], [[115.3548806, 35.5667431], [115.3552157, 35.5667154], [115.3551807, 35.5664514], [115.3548455, 35.566479], [115.3548806, 35.5667431]], [[115.3545103, 35.5665066], [115.3548455, 35.566479], [115.3547753, 35.5659509], [115.3544401, 35.5659785], [115.3545103, 35.5665066]], [[115.3541049, 35.5660062], [115.3544401, 35.5659785], [115.354405, 35.5657145], [115.3540698, 35.5657421], [115.3541049, 35.5660062]], [[115.3537347, 35.5657697], [115.3540698, 35.5657421], [115.3540348, 35.565478], [115.3536996, 35.5655057], [115.3537347, 35.5657697]], [[115.3533644, 35.5655333], [115.3536996, 35.5655057], [115.3536645, 35.5652416], [115.3533293, 35.5652693], [115.3533644, 35.5655333]], [[115.3529941, 35.5652969], [115.3533293, 35.5652693], [115.3532942, 35.5650052], [115.3529591, 35.5650328], [115.3529941, 35.5652969]], [[115.3526239, 35.5650605], [115.3529591, 35.5650328], [115.352924, 35.5647688], [115.3525888, 35.5647964], [115.3526239, 35.5650605]], [[115.3391246, 35.53227], [115.3394597, 35.5322424], [115.3394246, 35.5319783], [115.3390896, 35.5320059], [115.3391246, 35.53227]], [[115.3393896, 35.5317142], [115.3397247, 35.5316866], [115.3396897, 35.5314226], [115.3393546, 35.5314502], [115.3393896, 35.5317142]], [[115.3396546, 35.5311585], [115.3399897, 35.5311309], [115.3399547, 35.5308668], [115.3396196, 35.5308944], [115.3396546, 35.5311585]], [[115.3399196, 35.5306028], [115.3402547, 35.5305752], [115.3402196, 35.5303111], [115.3398846, 35.5303387], [115.3399196, 35.5306028]], [[115.3401846, 35.530047], [115.3405197, 35.5300194], [115.3404846, 35.5297554], [115.3401496, 35.529783], [115.3401846, 35.530047]], [[115.3404496, 35.5294913], [115.3407847, 35.5294637], [115.3407496, 35.5291996], [115.3404146, 35.5292272], [115.3404496, 35.5294913]], [[115.3407146, 35.5289356], [115.3410496, 35.5289079], [115.3410146, 35.5286439], [115.3406796, 35.5286715], [115.3407146, 35.5289356]], [[115.3409796, 35.5283798], [115.3413146, 35.5283522], [115.3412796, 35.5280881], [115.3409446, 35.5281157], [115.3409796, 35.5283798]], [[115.3523353, 35.5042182], [115.3526702, 35.5041905], [115.3526352, 35.5039265], [115.3523003, 35.5039541], [115.3523353, 35.5042182]], [[115.3526001, 35.5036624], [115.3529351, 35.5036348], [115.352865, 35.5031066], [115.35253, 35.5031343], [115.3526001, 35.5036624]], [[115.352865, 35.5031066], [115.3531999, 35.503079], [115.3531298, 35.5025508], [115.3527948, 35.5025785], [115.352865, 35.5031066]], [[115.3531298, 35.5025508], [115.3534647, 35.5025232], [115.3532894, 35.5012029], [115.3529545, 35.5012305], [115.3531298, 35.5025508]], [[115.3532894, 35.5012029], [115.3536243, 35.5011752], [115.353379, 35.4993267], [115.3530441, 35.4993544], [115.3532894, 35.5012029]], [[115.353379, 35.4993267], [115.3537139, 35.4992991], [115.3534685, 35.4974506], [115.3531336, 35.4974782], [115.353379, 35.4993267]], [[115.3534685, 35.4974506], [115.3538034, 35.497423], [115.3536281, 35.4961026], [115.3532932, 35.4961303], [115.3534685, 35.4974506]], [[115.3529583, 35.4961579], [115.3532932, 35.4961303], [115.3531881, 35.4953381], [115.3528532, 35.4953657], [115.3529583, 35.4961579]], [[115.3525183, 35.4953933], [115.3528532, 35.4953657], [115.3528182, 35.4951016], [115.3524833, 35.4951293], [115.3525183, 35.4953933]], [[115.337458, 35.4864908], [115.3377929, 35.4864632], [115.3377579, 35.4861992], [115.337423, 35.4862268], [115.337458, 35.4864908]], [[115.3032044, 35.4834361], [115.3035393, 35.4834086], [115.3035044, 35.4831445], [115.3031696, 35.483172], [115.3032044, 35.4834361]], [[115.3028347, 35.4831996], [115.3031696, 35.483172], [115.3031347, 35.482908], [115.3027998, 35.4829355], [115.3028347, 35.4831996]], [[115.302465, 35.482963], [115.3027998, 35.4829355], [115.302765, 35.4826714], [115.3024301, 35.4826989], [115.302465, 35.482963]], [[115.3020953, 35.4827264], [115.3024301, 35.4826989], [115.3023953, 35.4824348], [115.3020604, 35.4824623], [115.3020953, 35.4827264]], [[115.3017256, 35.4824898], [115.3020604, 35.4824623], [115.3019907, 35.4819341], [115.3016558, 35.4819616], [115.3017256, 35.4824898]], [[115.2994376, 35.4805421], [115.2997724, 35.4805146], [115.2997376, 35.4802505], [115.2994027, 35.480278], [115.2994376, 35.4805421]], [[115.2971846, 35.4788584], [115.2975194, 35.478831], [115.2974845, 35.4785669], [115.2971497, 35.4785944], [115.2971846, 35.4788584]], [[115.2466721, 35.4344124], [115.2470068, 35.434385], [115.2469721, 35.4341209], [115.2466374, 35.4341482], [115.2466721, 35.4344124]], [[115.2463028, 35.4341756], [115.2466374, 35.4341482], [115.2466028, 35.4338841], [115.2462681, 35.4339115], [115.2463028, 35.4341756]], [[115.2459335, 35.4339388], [115.2462681, 35.4339115], [115.2462335, 35.4336474], [115.2458988, 35.4336747], [115.2459335, 35.4339388]], [[115.2455641, 35.4337021], [115.2458988, 35.4336747], [115.2458295, 35.4331465], [115.2454948, 35.4331739], [115.2455641, 35.4337021]], [[115.2451602, 35.4332012], [115.2454948, 35.4331739], [115.2454602, 35.4329098], [115.2451255, 35.4329371], [115.2451602, 35.4332012]], [[115.2447909, 35.4329645], [115.2451255, 35.4329371], [115.2450909, 35.432673], [115.2447562, 35.4327004], [115.2447909, 35.4329645]], [[115.2444215, 35.4327277], [115.2447562, 35.4327004], [115.2447215, 35.4324363], [115.2443869, 35.4324636], [115.2444215, 35.4327277]], [[115.2440522, 35.432491], [115.2443869, 35.4324636], [115.2443176, 35.4319354], [115.2439829, 35.4319627], [115.2440522, 35.432491]], [[115.2436483, 35.4319901], [115.2439829, 35.4319627], [115.2439483, 35.4316986], [115.2436136, 35.431726], [115.2436483, 35.4319901]], [[115.243279, 35.4317533], [115.2436136, 35.431726], [115.243579, 35.4314619], [115.2432443, 35.4314892], [115.243279, 35.4317533]], [[115.2429097, 35.4315166], [115.2432443, 35.4314892], [115.2432097, 35.4312251], [115.242875, 35.4312524], [115.2429097, 35.4315166]], [[115.2425404, 35.4312798], [115.242875, 35.4312524], [115.2428057, 35.4307242], [115.2424711, 35.4307516], [115.2425404, 35.4312798]], [[115.2421364, 35.4307789], [115.2424711, 35.4307516], [115.2424364, 35.4304875], [115.2421018, 35.4305148], [115.2421364, 35.4307789]], [[115.2417672, 35.4305421], [115.2421018, 35.4305148], [115.2420672, 35.4302507], [115.2417325, 35.430278], [115.2417672, 35.4305421]], [[115.2413979, 35.4303054], [115.2417325, 35.430278], [115.2416979, 35.4300139], [115.2413632, 35.4300413], [115.2413979, 35.4303054]], [[115.2410286, 35.4300686], [115.2413632, 35.4300413], [115.2412939, 35.429513], [115.2409593, 35.4295404], [115.2410286, 35.4300686]], [[115.2406247, 35.4295677], [115.2409593, 35.4295404], [115.2409246, 35.4292763], [115.24059, 35.4293036], [115.2406247, 35.4295677]], [[115.2402554, 35.429331], [115.24059, 35.4293036], [115.2405554, 35.4290395], [115.2402207, 35.4290668], [115.2402554, 35.429331]], [[115.2398861, 35.4290942], [115.2402207, 35.4290668], [115.2401861, 35.4288027], [115.2398515, 35.4288301], [115.2398861, 35.4290942]], [[115.2395168, 35.4288574], [115.2398515, 35.4288301], [115.2397822, 35.4283019], [115.2394475, 35.4283292], [115.2395168, 35.4288574]], [[115.1334445, 35.4219959], [115.1337792, 35.4219689], [115.1337449, 35.4217047], [115.1334102, 35.4217318], [115.1334445, 35.4219959]], [[115.1327409, 35.4217859], [115.1330756, 35.4217588], [115.1330413, 35.4214947], [115.1327067, 35.4215217], [115.1327409, 35.4217859]], [[115.1317027, 35.4216029], [115.1320374, 35.4215758], [115.1320031, 35.4213117], [115.1316685, 35.4213388], [115.1317027, 35.4216029]], [[115.1306645, 35.4214199], [115.1309992, 35.4213929], [115.1309649, 35.4211287], [115.1306303, 35.4211558], [115.1306645, 35.4214199]], [[115.129961, 35.4212099], [115.1302956, 35.4211828], [115.1302614, 35.4209187], [115.1299267, 35.4209457], [115.129961, 35.4212099]], [[115.1289228, 35.4210268], [115.1292574, 35.4209998], [115.1292232, 35.4207357], [115.1288885, 35.4207627], [115.1289228, 35.4210268]], [[115.1282192, 35.4208168], [115.1285539, 35.4207897], [115.1285196, 35.4205256], [115.128185, 35.4205526], [115.1282192, 35.4208168]], [[115.127181, 35.4206338], [115.1275157, 35.4206067], [115.1274814, 35.4203426], [115.1271468, 35.4203696], [115.127181, 35.4206338]], [[115.1264775, 35.4204237], [115.1268122, 35.4203967], [115.1267779, 35.4201325], [115.1264433, 35.4201595], [115.1264775, 35.4204237]], [[115.0770472, 35.409461], [115.0773818, 35.4094341], [115.0773136, 35.4089058], [115.076979, 35.4089327], [115.0770472, 35.409461]], [[115.0795411, 35.402588], [115.0798756, 35.4025611], [115.0798415, 35.4022969], [115.079507, 35.4023238], [115.0795411, 35.402588]], [[115.0798415, 35.4022969], [115.0801761, 35.40227], [115.080142, 35.4020058], [115.0798075, 35.4020328], [115.0798415, 35.4022969]], [[115.0800739, 35.4014775], [115.0804084, 35.4014506], [115.0803744, 35.4011865], [115.0800398, 35.4012134], [115.0800739, 35.4014775]], [[115.0803403, 35.4009223], [115.0806748, 35.4008954], [115.0806408, 35.4006312], [115.0803062, 35.4006581], [115.0803403, 35.4009223]], [[115.0806067, 35.4003671], [115.0809412, 35.4003401], [115.0809071, 35.400076], [115.0805726, 35.4001029], [115.0806067, 35.4003671]], [[115.0808049, 35.3992835], [115.0811394, 35.3992566], [115.0811054, 35.3989924], [115.0807708, 35.3990194], [115.0808049, 35.3992835]], [[115.0810372, 35.3984641], [115.0813717, 35.3984372], [115.0813377, 35.398173], [115.0810031, 35.3982], [115.0810372, 35.3984641]], [[115.0812695, 35.3976447], [115.081604, 35.3976178], [115.0815699, 35.3973537], [115.0812354, 35.3973806], [115.0812695, 35.3976447]], [[115.0768273, 35.3867922], [115.0771618, 35.3867653], [115.0770596, 35.3859728], [115.0767251, 35.3859997], [115.0768273, 35.3867922]], [[115.0763906, 35.3860266], [115.0767251, 35.3859997], [115.0766229, 35.3852072], [115.0762884, 35.3852341], [115.0763906, 35.3860266]], [[115.0759539, 35.385261], [115.0762884, 35.3852341], [115.0762202, 35.3847058], [115.0758857, 35.3847327], [115.0759539, 35.385261]], [[115.0755512, 35.3847596], [115.0758857, 35.3847327], [115.0757835, 35.3839402], [115.075449, 35.3839671], [115.0755512, 35.3847596]], [[115.0751145, 35.383994], [115.075449, 35.3839671], [115.0753809, 35.3834388], [115.0750464, 35.3834657], [115.0751145, 35.383994]], [[115.0747119, 35.3834926], [115.0750464, 35.3834657], [115.0749442, 35.3826732], [115.0746097, 35.3827001], [115.0747119, 35.3834926]], [[115.0742752, 35.382727], [115.0746097, 35.3827001], [115.0745075, 35.3819076], [115.074173, 35.3819345], [115.0742752, 35.382727]], [[115.0738385, 35.3819614], [115.074173, 35.3819345], [115.0741049, 35.3814062], [115.0737704, 35.3814331], [115.0738385, 35.3819614]], [[115.0734359, 35.38146], [115.0737704, 35.3814331], [115.0736682, 35.3806406], [115.0733338, 35.3806675], [115.0734359, 35.38146]], [[115.0729993, 35.3806944], [115.0733338, 35.3806675], [115.0732656, 35.3801391], [115.0729312, 35.380166], [115.0729993, 35.3806944]], [[115.0725967, 35.3801929], [115.0729312, 35.380166], [115.072829, 35.3793735], [115.0724945, 35.3794004], [115.0725967, 35.3801929]], [[115.07216, 35.3794273], [115.0724945, 35.3794004], [115.0723924, 35.3786079], [115.0720579, 35.3786348], [115.07216, 35.3794273]], [[115.0717234, 35.3786617], [115.0720579, 35.3786348], [115.0719898, 35.3781065], [115.0716553, 35.3781334], [115.0717234, 35.3786617]], [[115.0713208, 35.3781603], [115.0716553, 35.3781334], [115.0716212, 35.3778692], [115.0712868, 35.3778961], [115.0713208, 35.3781603]], [[115.0709523, 35.377923], [115.0712868, 35.3778961], [115.0712187, 35.3773678], [115.0708842, 35.3773947], [115.0709523, 35.377923]], [[115.0705497, 35.3774216], [115.0708842, 35.3773947], [115.0708161, 35.3768664], [115.0704816, 35.3768932], [115.0705497, 35.3774216]], [[115.0701472, 35.3769201], [115.0704816, 35.3768932], [115.0704476, 35.3766291], [115.0701131, 35.376656], [115.0701472, 35.3769201]], [[115.0201637, 35.3745226], [115.0204982, 35.3744958], [115.0204643, 35.3742317], [115.0201298, 35.3742584], [115.0201637, 35.3745226]], [[115.0194609, 35.3743119], [115.0197954, 35.3742852], [115.0197615, 35.374021], [115.019427, 35.3740477], [115.0194609, 35.3743119]], [[115.0187581, 35.3741012], [115.0190925, 35.3740745], [115.0190587, 35.3738103], [115.0187242, 35.3738371], [115.0187581, 35.3741012]], [[115.0183897, 35.3738638], [115.0187242, 35.3738371], [115.0186903, 35.3735729], [115.0183558, 35.3735996], [115.0183897, 35.3738638]], [[115.0180214, 35.3736264], [115.0183558, 35.3735996], [115.018322, 35.3733354], [115.0179875, 35.3733622], [115.0180214, 35.3736264]], [[115.017653, 35.3733889], [115.0179875, 35.3733622], [115.0170055, 35.365701], [115.016671, 35.3657277], [115.017653, 35.3733889]], [[115.0163366, 35.3657544], [115.016671, 35.3657277], [115.0150123, 35.3527828], [115.0146779, 35.3528095], [115.0163366, 35.3657544]], [[115.0143435, 35.3528362], [115.0146779, 35.3528095], [115.0137641, 35.3456765], [115.0134298, 35.3457032], [115.0143435, 35.3528362]], [[114.9637487, 35.2818777], [114.9640828, 35.2818511], [114.9639818, 35.2810585], [114.9636477, 35.2810851], [114.9637487, 35.2818777]], [[114.9633136, 35.2811117], [114.9636477, 35.2810851], [114.9636141, 35.2808209], [114.96328, 35.2808475], [114.9633136, 35.2811117]], [[114.9629459, 35.2808741], [114.96328, 35.2808475], [114.9632127, 35.280319], [114.9628786, 35.2803456], [114.9629459, 35.2808741]], [[114.9625445, 35.2803722], [114.9628786, 35.2803456], [114.9628113, 35.2798172], [114.9624772, 35.2798438], [114.9625445, 35.2803722]], [[114.9621431, 35.2798704], [114.9624772, 35.2798438], [114.96241, 35.2793154], [114.9620759, 35.279342], [114.9621431, 35.2798704]], [[114.9617418, 35.2793686], [114.9620759, 35.279342], [114.9620086, 35.2788136], [114.9616745, 35.2788402], [114.9617418, 35.2793686]], [[114.9613404, 35.2788668], [114.9616745, 35.2788402], [114.9616409, 35.278576], [114.9613068, 35.2786026], [114.9613404, 35.2788668]], [[114.9609727, 35.2786292], [114.9613068, 35.2786026], [114.9612395, 35.2780742], [114.9609054, 35.2781008], [114.9609727, 35.2786292]], [[114.9605713, 35.2781274], [114.9609054, 35.2781008], [114.9608381, 35.2775723], [114.9605041, 35.2775989], [114.9605713, 35.2781274]], [[114.96017, 35.2776255], [114.9605041, 35.2775989], [114.9604368, 35.2770705], [114.9601027, 35.2770971], [114.96017, 35.2776255]], [[114.9597686, 35.2771237], [114.9601027, 35.2770971], [114.9600354, 35.2765687], [114.9597014, 35.2765953], [114.9597686, 35.2771237]], [[114.9593673, 35.2766219], [114.9597014, 35.2765953], [114.9596341, 35.2760669], [114.9593, 35.2760935], [114.9593673, 35.2766219]], [[114.9589659, 35.27612], [114.9593, 35.2760935], [114.9592328, 35.275565], [114.9588987, 35.2755916], [114.9589659, 35.27612]], [[114.9585646, 35.2756182], [114.9588987, 35.2755916], [114.9588651, 35.2753274], [114.958531, 35.275354], [114.9585646, 35.2756182]], [[114.9581969, 35.2753806], [114.958531, 35.275354], [114.9583965, 35.2742972], [114.9580624, 35.2743238], [114.9581969, 35.2753806]], [[114.9577283, 35.2743503], [114.9580624, 35.2743238], [114.9579952, 35.2737953], [114.9576611, 35.2738219], [114.9577283, 35.2743503]], [[114.957327, 35.2738485], [114.9576611, 35.2738219], [114.9575602, 35.2730293], [114.9572262, 35.2730559], [114.957327, 35.2738485]], [[114.9236732, 35.2452973], [114.9240071, 35.2452708], [114.9239737, 35.2450066], [114.9236397, 35.2450331], [114.9236732, 35.2452973]], [[114.9237727, 35.2434212], [114.9241067, 35.2433947], [114.9240732, 35.2431305], [114.9237392, 35.243157], [114.9237727, 35.2434212]], [[114.9238722, 35.2415452], [114.9242061, 35.2415187], [114.9241727, 35.2412544], [114.9238387, 35.2412809], [114.9238722, 35.2415452]], [[114.9239717, 35.2396691], [114.9243056, 35.2396426], [114.9242721, 35.2393783], [114.9239382, 35.2394048], [114.9239717, 35.2396691]], [[114.9266283, 35.2020939], [114.926962, 35.2020674], [114.9269286, 35.2018032], [114.9265948, 35.2018297], [114.9266283, 35.2020939]], [[114.9267611, 35.200482], [114.9270949, 35.2004555], [114.9270614, 35.2001913], [114.9267276, 35.2002178], [114.9267611, 35.200482]], [[114.8506368, 35.1795501], [114.8509705, 35.1795238], [114.8509041, 35.1789953], [114.8505704, 35.1790216], [114.8506368, 35.1795501]], [[114.8502367, 35.1790479], [114.8505704, 35.1790216], [114.8505372, 35.1787573], [114.8502035, 35.1787836], [114.8502367, 35.1790479]], [[114.8498698, 35.1788099], [114.8502035, 35.1787836], [114.850137, 35.1782551], [114.8498033, 35.1782814], [114.8498698, 35.1788099]], [[114.8494696, 35.1783077], [114.8498033, 35.1782814], [114.8497701, 35.1780172], [114.8494364, 35.1780435], [114.8494696, 35.1783077]], [[114.8491027, 35.1780698], [114.8494364, 35.1780435], [114.84937, 35.177515], [114.8490363, 35.1775413], [114.8491027, 35.1780698]], [[114.8487026, 35.1775676], [114.8490363, 35.1775413], [114.8490031, 35.177277], [114.8486694, 35.1773033], [114.8487026, 35.1775676]], [[114.8483357, 35.1773296], [114.8486694, 35.1773033], [114.8486029, 35.1767748], [114.8482692, 35.1768011], [114.8483357, 35.1773296]], [[114.8479355, 35.1768274], [114.8482692, 35.1768011], [114.8482028, 35.1762726], [114.8478691, 35.1762989], [114.8479355, 35.1768274]], [[114.8475354, 35.1763252], [114.8478691, 35.1762989], [114.8478359, 35.1760346], [114.8475022, 35.1760609], [114.8475354, 35.1763252]], [[114.8471685, 35.1760872], [114.8475022, 35.1760609], [114.8474358, 35.1755324], [114.8471021, 35.1755587], [114.8471685, 35.1760872]], [[114.8467684, 35.175585], [114.8471021, 35.1755587], [114.8470689, 35.1752944], [114.8467352, 35.1753207], [114.8467684, 35.175585]], [[114.8464015, 35.175347], [114.8467352, 35.1753207], [114.8466688, 35.1747922], [114.8463351, 35.1748185], [114.8464015, 35.175347]], [[114.8460014, 35.1748448], [114.8463351, 35.1748185], [114.8463019, 35.1745543], [114.8459682, 35.1745806], [114.8460014, 35.1748448]], [[114.8456345, 35.1746068], [114.8459682, 35.1745806], [114.8459018, 35.174052], [114.8455681, 35.1740783], [114.8456345, 35.1746068]], [[114.8452344, 35.1741046], [114.8455681, 35.1740783], [114.8455349, 35.1738141], [114.8452012, 35.1738404], [114.8452344, 35.1741046]], [[114.8448675, 35.1738667], [114.8452012, 35.1738404], [114.8451348, 35.1733118], [114.8448011, 35.1733381], [114.8448675, 35.1738667]], [[114.8444675, 35.1733644], [114.8448011, 35.1733381], [114.8447347, 35.1728096], [114.8444011, 35.1728359], [114.8444675, 35.1733644]], [[114.8440674, 35.1728622], [114.8444011, 35.1728359], [114.8443679, 35.1725717], [114.8440342, 35.1725979], [114.8440674, 35.1728622]], [[114.8441808, 35.1523038], [114.8445144, 35.1522775], [114.8444812, 35.1520133], [114.8441476, 35.1520396], [114.8441808, 35.1523038]], [[114.8444812, 35.1520133], [114.8448148, 35.151987], [114.8447816, 35.1517227], [114.844448, 35.151749], [114.8444812, 35.1520133]], [[114.8447816, 35.1517227], [114.8451152, 35.1516964], [114.845082, 35.1514322], [114.8447484, 35.1514585], [114.8447816, 35.1517227]], [[114.845082, 35.1514322], [114.8454156, 35.1514059], [114.8453492, 35.1508774], [114.8450157, 35.1509037], [114.845082, 35.1514322]], [[114.8453492, 35.1508774], [114.8456828, 35.1508511], [114.8456496, 35.1505868], [114.8453161, 35.1506131], [114.8453492, 35.1508774]], [[114.8456496, 35.1505868], [114.8459832, 35.1505605], [114.84595, 35.1502962], [114.8456165, 35.1503225], [114.8456496, 35.1505868]], [[114.84595, 35.1502962], [114.8462836, 35.15027], [114.8462504, 35.1500057], [114.8459168, 35.150032], [114.84595, 35.1502962]], [[114.8462504, 35.1500057], [114.846584, 35.1499794], [114.8465508, 35.1497151], [114.8462172, 35.1497414], [114.8462504, 35.1500057]], [[114.8465508, 35.1497151], [114.8468844, 35.1496888], [114.8468512, 35.1494246], [114.8465176, 35.1494509], [114.8465508, 35.1497151]], [[114.8468512, 35.1494246], [114.8471848, 35.1493983], [114.8471516, 35.149134], [114.846818, 35.1491603], [114.8468512, 35.1494246]], [[114.8471516, 35.149134], [114.8474852, 35.1491077], [114.8474188, 35.1485792], [114.8470852, 35.1486055], [114.8471516, 35.149134]], [[114.8474188, 35.1485792], [114.8477524, 35.1485529], [114.8477192, 35.1482886], [114.8473856, 35.1483149], [114.8474188, 35.1485792]], [[114.8477192, 35.1482886], [114.8480528, 35.1482623], [114.8480196, 35.1479981], [114.847686, 35.1480244], [114.8477192, 35.1482886]], [[114.8480196, 35.1479981], [114.8483531, 35.1479718], [114.8483199, 35.1477075], [114.8479864, 35.1477338], [114.8480196, 35.1479981]], [[114.8483199, 35.1477075], [114.8486535, 35.1476812], [114.8486203, 35.147417], [114.8482867, 35.1474433], [114.8483199, 35.1477075]], [[114.8486203, 35.147417], [114.8489539, 35.1473907], [114.8489207, 35.1471264], [114.8485871, 35.1471527], [114.8486203, 35.147417]], [[114.8489207, 35.1471264], [114.8492543, 35.1471001], [114.8492211, 35.1468358], [114.8495546, 35.1468095], [114.8495214, 35.1465453], [114.849855, 35.146519], [114.8498218, 35.1462547], [114.8501554, 35.1462284], [114.8501222, 35.1459641], [114.8504557, 35.1459378], [114.8504225, 35.1456736], [114.8507561, 35.1456473], [114.8506897, 35.1451187], [114.8503561, 35.145145], [114.8503893, 35.1454093], [114.8500558, 35.1454356], [114.850089, 35.1456999], [114.8497554, 35.1457262], [114.8497886, 35.1459904], [114.849455, 35.1460167], [114.8494882, 35.146281], [114.8491547, 35.1463073], [114.8491879, 35.1465716], [114.8488543, 35.1465979], [114.8489207, 35.1471264]], [[114.8506897, 35.1451187], [114.8510232, 35.1450924], [114.8509568, 35.1445639], [114.8506233, 35.1445902], [114.8506897, 35.1451187]], [[114.8509568, 35.1445639], [114.8512904, 35.1445376], [114.8512572, 35.1442733], [114.8509236, 35.1442996], [114.8509568, 35.1445639]], [[114.8512572, 35.1442733], [114.8515907, 35.144247], [114.8515575, 35.1439828], [114.851224, 35.1440091], [114.8512572, 35.1442733]], [[114.8515575, 35.1439828], [114.8518911, 35.1439565], [114.8518579, 35.1436922], [114.8515243, 35.1437185], [114.8515575, 35.1439828]], [[114.8518579, 35.1436922], [114.8521914, 35.1436659], [114.8521582, 35.1434016], [114.8518247, 35.1434279], [114.8518579, 35.1436922]], [[114.8521582, 35.1434016], [114.8524918, 35.1433753], [114.8524586, 35.143111], [114.852125, 35.1431374], [114.8521582, 35.1434016]], [[114.8524586, 35.143111], [114.8531257, 35.1430584], [114.8530925, 35.1427942], [114.8524254, 35.1428468], [114.8524586, 35.143111]], [[114.8530925, 35.1427942], [114.853426, 35.1427678], [114.8533928, 35.1425036], [114.8530593, 35.1425299], [114.8530925, 35.1427942]], [[114.8533928, 35.1425036], [114.8537264, 35.1424773], [114.8536932, 35.142213], [114.8533596, 35.1422393], [114.8533928, 35.1425036]], [[114.8536932, 35.142213], [114.8540267, 35.1421867], [114.8539935, 35.1419224], [114.8536599, 35.1419487], [114.8536932, 35.142213]], [[114.8539603, 35.1416582], [114.8542938, 35.1416319], [114.8542606, 35.1413676], [114.8539271, 35.1413939], [114.8539603, 35.1416582]], [[114.8542606, 35.1413676], [114.8545942, 35.1413413], [114.8545609, 35.141077], [114.8542274, 35.1411033], [114.8542606, 35.1413676]], [[114.8545609, 35.141077], [114.8548945, 35.1410507], [114.8548613, 35.1407864], [114.8545277, 35.1408128], [114.8545609, 35.141077]], [[114.8548613, 35.1407864], [114.8551948, 35.1407601], [114.8551616, 35.1404959], [114.854828, 35.1405222], [114.8548613, 35.1407864]], [[114.8551616, 35.1404959], [114.8554951, 35.1404695], [114.8554619, 35.1402053], [114.8551284, 35.1402316], [114.8551616, 35.1404959]], [[114.8554619, 35.1402053], [114.8557955, 35.140179], [114.8557622, 35.1399147], [114.8554287, 35.139941], [114.8554619, 35.1402053]], [[114.8796159, 35.1073375], [114.8799493, 35.1073111], [114.879916, 35.1070468], [114.8795826, 35.1070732], [114.8796159, 35.1073375]], [[114.8500578, 35.0837849], [114.8503911, 35.0837586], [114.8503579, 35.0834943], [114.8500246, 35.0835206], [114.8500578, 35.0837849]], [[114.8486914, 35.0836258], [114.8490247, 35.0835995], [114.8489915, 35.0833352], [114.8486582, 35.0833615], [114.8486914, 35.0836258]], [[114.8479916, 35.0834142], [114.8483249, 35.0833879], [114.8482917, 35.0831236], [114.8479584, 35.0831499], [114.8479916, 35.0834142]], [[114.8469585, 35.0832288], [114.8472918, 35.0832025], [114.8472586, 35.0829382], [114.8469253, 35.0829645], [114.8469585, 35.0832288]], [[114.8455921, 35.0830697], [114.8459254, 35.0830434], [114.8458923, 35.0827791], [114.845559, 35.0828054], [114.8455921, 35.0830697]], [[114.8445591, 35.0828843], [114.8448924, 35.082858], [114.8448592, 35.0825937], [114.8445259, 35.08262], [114.8445591, 35.0828843]], [[114.813495, 35.052504], [114.8138282, 35.0524778], [114.8137952, 35.0522135], [114.813462, 35.0522397], [114.813495, 35.052504]], [[114.8137621, 35.0519492], [114.8140953, 35.051923], [114.8140623, 35.0516587], [114.8137291, 35.0516849], [114.8137621, 35.0519492]], [[114.8140623, 35.0516587], [114.8143955, 35.0516325], [114.8143624, 35.0513682], [114.8140292, 35.0513944], [114.8140623, 35.0516587]], [[114.8143294, 35.0511039], [114.8146626, 35.0510777], [114.8146295, 35.0508134], [114.8142963, 35.0508397], [114.8143294, 35.0511039]], [[114.8146295, 35.0508134], [114.8149627, 35.0507872], [114.8149296, 35.0505229], [114.8145965, 35.0505492], [114.8146295, 35.0508134]], [[114.8148966, 35.0502587], [114.8152298, 35.0502324], [114.8151967, 35.0499682], [114.8148635, 35.0499944], [114.8148966, 35.0502587]], [[114.8151967, 35.0499682], [114.8155299, 35.0499419], [114.8154968, 35.0496777], [114.8151637, 35.0497039], [114.8151967, 35.0499682]], [[114.8154968, 35.0496777], [114.81583, 35.0496514], [114.815797, 35.0493872], [114.8154638, 35.0494134], [114.8154968, 35.0496777]], [[114.815797, 35.0493872], [114.8161301, 35.0493609], [114.8160971, 35.0490966], [114.8157639, 35.0491229], [114.815797, 35.0493872]], [[114.8160971, 35.0490966], [114.8164303, 35.0490704], [114.8163972, 35.0488061], [114.816064, 35.0488324], [114.8160971, 35.0490966]], [[114.8163972, 35.0488061], [114.8167304, 35.0487799], [114.8166973, 35.0485156], [114.8163642, 35.0485419], [114.8163972, 35.0488061]], [[114.8166973, 35.0485156], [114.8170305, 35.0484894], [114.8169974, 35.0482251], [114.8166643, 35.0482513], [114.8166973, 35.0485156]], [[114.8169974, 35.0482251], [114.8173306, 35.0481989], [114.8172976, 35.0479346], [114.8169644, 35.0479608], [114.8169974, 35.0482251]], [[114.8172976, 35.0479346], [114.8176307, 35.0479084], [114.8175977, 35.0476441], [114.8172645, 35.0476703], [114.8172976, 35.0479346]], [[114.8175977, 35.0476441], [114.818264, 35.0475917], [114.8182309, 35.0473274], [114.8175646, 35.0473798], [114.8175977, 35.0476441]], [[114.8182309, 35.0473274], [114.8188973, 35.0472749], [114.8188642, 35.0470107], [114.8181979, 35.0470631], [114.8182309, 35.0473274]], [[114.8188642, 35.0470107], [114.8195305, 35.0469582], [114.8194975, 35.0466939], [114.8188311, 35.0467464], [114.8188642, 35.0470107]], [[114.8194975, 35.0466939], [114.8201638, 35.0466415], [114.8201307, 35.0463772], [114.8194644, 35.0464296], [114.8194975, 35.0466939]], [[114.8201307, 35.0463772], [114.820797, 35.0463247], [114.820764, 35.0460604], [114.8200976, 35.0461129], [114.8201307, 35.0463772]], [[114.8465504, 35.0424262], [114.8468836, 35.0423999], [114.8468504, 35.0421356], [114.8465173, 35.0421619], [114.8465504, 35.0424262]], [[114.8468504, 35.0421356], [114.8471835, 35.0421093], [114.8471504, 35.0418451], [114.8468173, 35.0418714], [114.8468504, 35.0421356]], [[114.8471504, 35.0418451], [114.8474835, 35.0418188], [114.8474504, 35.0415545], [114.8471172, 35.0415808], [114.8471504, 35.0418451]], [[114.8474504, 35.0415545], [114.8477835, 35.0415282], [114.8477503, 35.0412639], [114.8474172, 35.0412902], [114.8474504, 35.0415545]], [[114.8477503, 35.0412639], [114.8480835, 35.0412376], [114.8480172, 35.040709], [114.847684, 35.0407353], [114.8477503, 35.0412639]], [[114.8480172, 35.040709], [114.8483503, 35.0406827], [114.8483171, 35.0404185], [114.847984, 35.0404448], [114.8480172, 35.040709]], [[114.8483171, 35.0404185], [114.8486503, 35.0403922], [114.8486171, 35.0401279], [114.848284, 35.0401542], [114.8483171, 35.0404185]], [[114.8486171, 35.0401279], [114.8489502, 35.0401016], [114.8488839, 35.039573], [114.8485508, 35.0395993], [114.8486171, 35.0401279]], [[114.8488839, 35.039573], [114.849217, 35.0395467], [114.8491507, 35.0390181], [114.8488176, 35.0390444], [114.8488839, 35.039573]], [[114.8491507, 35.0390181], [114.8494838, 35.0389918], [114.8494175, 35.0384633], [114.8490844, 35.0384896], [114.8491507, 35.0390181]], [[114.8494175, 35.0384633], [114.8497506, 35.038437], [114.8496512, 35.0376441], [114.8493181, 35.0376704], [114.8494175, 35.0384633]], [[114.8496512, 35.0376441], [114.8499843, 35.0376178], [114.8494869, 35.0336536], [114.8491538, 35.0336799], [114.8496512, 35.0376441]], [[114.8488207, 35.0337062], [114.8491538, 35.0336799], [114.8490212, 35.0326228], [114.8486881, 35.0326491], [114.8488207, 35.0337062]], [[114.8483551, 35.0326754], [114.8486881, 35.0326491], [114.8485555, 35.031592], [114.8482225, 35.0316183], [114.8483551, 35.0326754]], [[114.8478894, 35.0316446], [114.8482225, 35.0316183], [114.848123, 35.0308254], [114.8477899, 35.0308517], [114.8478894, 35.0316446]], [[114.8474568, 35.030878], [114.8477899, 35.0308517], [114.8477236, 35.0303232], [114.8473906, 35.0303495], [114.8474568, 35.030878]], [[114.8470575, 35.0303758], [114.8473906, 35.0303495], [114.8472911, 35.0295566], [114.846958, 35.0295829], [114.8470575, 35.0303758]], [[114.846625, 35.0296092], [114.846958, 35.0295829], [114.8469249, 35.0293186], [114.8465918, 35.0293449], [114.846625, 35.0296092]], [[114.8462587, 35.0293712], [114.8465918, 35.0293449], [114.8465255, 35.0288164], [114.8461925, 35.0288427], [114.8462587, 35.0293712]], [[114.8458594, 35.0288689], [114.8461925, 35.0288427], [114.8461262, 35.0283141], [114.8457931, 35.0283404], [114.8458594, 35.0288689]], [[114.84546, 35.0283667], [114.8457931, 35.0283404], [114.84576, 35.0280761], [114.8454269, 35.0281024], [114.84546, 35.0283667]], [[114.8450938, 35.0281287], [114.8454269, 35.0281024], [114.8453606, 35.0275738], [114.8450276, 35.0276001], [114.8450938, 35.0281287]], [[114.8446945, 35.0276264], [114.8450276, 35.0276001], [114.8449944, 35.0273358], [114.8446613, 35.0273621], [114.8446945, 35.0276264]], [[114.8443283, 35.0273884], [114.8446613, 35.0273621], [114.8445951, 35.0268336], [114.844262, 35.0268599], [114.8443283, 35.0273884]], [[114.8439289, 35.0268861], [114.844262, 35.0268599], [114.8442289, 35.0265956], [114.8438958, 35.0266219], [114.8439289, 35.0268861]], [[115.125811, 35.0005738], [115.1261439, 35.0005468], [115.1261098, 35.0002826], [115.125777, 35.0003096], [115.125811, 35.0005738]], [[115.1264427, 35.0002555], [115.1267755, 35.0002285], [115.1267074, 34.9997001], [115.1263745, 34.9997271], [115.1264427, 35.0002555]], [[115.1267074, 34.9997001], [115.1270402, 34.999673], [115.126938, 34.9988804], [115.1266052, 34.9989074], [115.1267074, 34.9997001]], [[114.8785677, 35.0188088], [114.8789007, 35.0187824], [114.8788675, 35.0185182], [114.8785345, 35.0185446], [114.8785677, 35.0188088]], [[115.126938, 34.9988804], [115.1272709, 34.9988533], [115.1271687, 34.9980607], [115.1268358, 34.9980877], [115.126938, 34.9988804]], [[114.8788675, 35.0185182], [114.8798665, 35.018439], [114.8798333, 35.0181747], [114.8788342, 35.0182539], [114.8788675, 35.0185182]], [[115.1271687, 34.9980607], [115.1275015, 34.9980336], [115.1273993, 34.997241], [115.1270665, 34.997268], [115.1271687, 34.9980607]], [[115.0785365, 35.0017356], [115.0815324, 35.0014933], [115.0814985, 35.0012291], [115.0785026, 35.0014714], [115.0785365, 35.0017356]], [[115.0758396, 35.0016867], [115.0785026, 35.0014714], [115.0784687, 35.0012071], [115.0758057, 35.0014224], [115.0758396, 35.0016867]], [[115.0734755, 35.0016108], [115.0754728, 35.0014493], [115.0754389, 35.0011851], [115.0734416, 35.0013465], [115.0734755, 35.0016108]], [[115.1273993, 34.997241], [115.1277322, 34.997214], [115.1276299, 34.9964213], [115.1272971, 34.9964484], [115.1273993, 34.997241]], [[115.0717772, 35.001481], [115.0731087, 35.0013734], [115.0730748, 35.0011092], [115.0717433, 35.0012168], [115.0717772, 35.001481]], [[115.0704118, 35.0013244], [115.0714104, 35.0012437], [115.0713766, 35.0009795], [115.0703779, 35.0010602], [115.0704118, 35.0013244]], [[115.0690464, 35.0011677], [115.070045, 35.0010871], [115.0700112, 35.0008228], [115.0690125, 35.0009035], [115.0690464, 35.0011677]], [[115.1276299, 34.9964213], [115.1279628, 34.9963943], [115.1277924, 34.9950732], [115.1274596, 34.9951002], [115.1276299, 34.9964213]], [[115.0686796, 35.0009304], [115.0690125, 35.0009035], [115.0689786, 35.0006393], [115.0686458, 35.0006662], [115.0686796, 35.0009304]], [[115.06798, 35.0007199], [115.0686458, 35.0006662], [115.0686119, 35.0004019], [115.0679461, 35.0004557], [115.06798, 35.0007199]], [[114.8635163, 35.0167975], [114.8638493, 35.0167711], [114.8638161, 35.0165068], [114.8634831, 35.0165332], [114.8635163, 35.0167975]], [[115.0676133, 35.0004826], [115.0679461, 35.0004557], [115.0679123, 35.0001915], [115.0675794, 35.0002184], [115.0676133, 35.0004826]], [[115.0669136, 35.0002721], [115.0675794, 35.0002184], [115.0675455, 34.9999541], [115.0668798, 35.0000079], [115.0669136, 35.0002721]], [[114.8791013, 35.0150298], [114.8794343, 35.0150034], [114.8794011, 35.0147391], [114.879068, 35.0147655], [114.8791013, 35.0150298]], [[115.0665469, 35.0000348], [115.0668798, 35.0000079], [115.0668459, 34.9997437], [115.066513, 34.9997706], [115.0665469, 35.0000348]], [[114.8600865, 35.016268], [114.8604195, 35.0162417], [114.8603864, 35.0159774], [114.8600533, 35.0160037], [114.8600865, 35.016268]], [[115.0661801, 34.9997975], [115.066513, 34.9997706], [115.0664791, 34.9995063], [115.0661463, 34.9995332], [115.0661801, 34.9997975]], [[115.0658134, 34.9995601], [115.0661463, 34.9995332], [115.0661124, 34.999269], [115.0657795, 34.9992959], [115.0658134, 34.9995601]], [[115.0654467, 34.9993228], [115.0657795, 34.9992959], [115.0657457, 34.9990316], [115.0654128, 34.9990585], [115.0654467, 34.9993228]], [[115.064747, 34.9991123], [115.0654128, 34.9990585], [115.0653789, 34.9987943], [115.0647132, 34.9988481], [115.064747, 34.9991123]], [[114.8596208, 35.0152372], [114.8599538, 35.0152109], [114.8599206, 35.0149466], [114.8595876, 35.0149729], [114.8596208, 35.0152372]], [[115.0643803, 34.9988749], [115.0647132, 34.9988481], [115.0646793, 34.9985838], [115.0643465, 34.9986107], [115.0643803, 34.9988749]], [[115.0640136, 34.9986376], [115.0643465, 34.9986107], [115.0643126, 34.9983465], [115.0639797, 34.9983734], [115.0640136, 34.9986376]], [[114.8591882, 35.0144707], [114.8595212, 35.0144444], [114.8594881, 35.0141801], [114.8591551, 35.0142064], [114.8591882, 35.0144707]], [[114.8587225, 35.0134399], [114.8590555, 35.0134136], [114.8590223, 35.0131493], [114.8586893, 35.0131756], [114.8587225, 35.0134399]], [[114.85829, 35.0126734], [114.858623, 35.012647], [114.8585898, 35.0123828], [114.8582568, 35.0124091], [114.85829, 35.0126734]], [[114.8578575, 35.0119069], [114.8581905, 35.0118805], [114.8581573, 35.0116162], [114.8578243, 35.0116426], [114.8578575, 35.0119069]], [[114.8573918, 35.010876], [114.8577248, 35.0108497], [114.8576916, 35.0105854], [114.8573586, 35.0106118], [114.8573918, 35.010876]], [[114.8532964, 35.010399], [114.8546283, 35.0102938], [114.8545952, 35.0100295], [114.8532632, 35.0101348], [114.8532964, 35.010399]], [[114.8569593, 35.0101095], [114.8572923, 35.0100832], [114.8572591, 35.0098189], [114.8569261, 35.0098452], [114.8569593, 35.0101095]], [[114.8525972, 35.0101874], [114.8532632, 35.0101348], [114.8532301, 35.0098705], [114.8525641, 35.0099231], [114.8525972, 35.0101874]], [[114.8545952, 35.0100295], [114.8555942, 35.0099505], [114.855561, 35.0096862], [114.854562, 35.0097652], [114.8545952, 35.0100295]], [[114.8522311, 35.0099494], [114.8525641, 35.0099231], [114.8525309, 35.0096588], [114.8521979, 35.0096851], [114.8522311, 35.0099494]], [[114.855561, 35.0096862], [114.85656, 35.0096073], [114.8565268, 35.009343], [114.8555278, 35.009422], [114.855561, 35.0096862]], [[114.8565268, 35.009343], [114.8568598, 35.0093167], [114.8568266, 35.0090524], [114.8564936, 35.0090787], [114.8565268, 35.009343]], [[114.8517986, 35.0091829], [114.8521316, 35.0091566], [114.8520985, 35.0088923], [114.8517655, 35.0089186], [114.8517986, 35.0091829]], [[114.8236946, 35.0103328], [114.8250266, 35.0102278], [114.8249936, 35.0099635], [114.8236616, 35.0100685], [114.8236946, 35.0103328]], [[114.851333, 35.008152], [114.851666, 35.0081257], [114.8516329, 35.0078615], [114.8512999, 35.0078878], [114.851333, 35.008152]], [[114.8249936, 35.0099635], [114.8263256, 35.0098586], [114.8262925, 35.0095943], [114.8249605, 35.0096992], [114.8249936, 35.0099635]], [[114.8262925, 35.0095943], [114.8279575, 35.009463], [114.8279244, 35.0091987], [114.8262594, 35.00933], [114.8262925, 35.0095943]], [[114.8279244, 35.0091987], [114.8292564, 35.0090937], [114.8292233, 35.0088295], [114.8278913, 35.0089345], [114.8279244, 35.0091987]], [[114.8292233, 35.0088295], [114.8305553, 35.0087244], [114.8305222, 35.0084602], [114.8291902, 35.0085652], [114.8292233, 35.0088295]], [[114.8305222, 35.0084602], [114.8321872, 35.0083289], [114.8321541, 35.0080646], [114.8304891, 35.0081959], [114.8305222, 35.0084602]], [[114.8321541, 35.0080646], [114.833486, 35.0079595], [114.8334529, 35.0076952], [114.832121, 35.0078003], [114.8321541, 35.0080646]], [[114.8334529, 35.0076952], [114.8347849, 35.0075902], [114.8347518, 35.0073259], [114.8334199, 35.0074309], [114.8334529, 35.0076952]], [[114.8347518, 35.0073259], [114.8364167, 35.0071945], [114.8363836, 35.0069303], [114.8347187, 35.0070616], [114.8347518, 35.0073259]], [[114.8363836, 35.0069303], [114.8377156, 35.0068252], [114.8376825, 35.0065609], [114.8363505, 35.006666], [114.8363836, 35.0069303]], [[114.8376825, 35.0065609], [114.8396804, 35.0064032], [114.8396472, 35.0061389], [114.8376494, 35.0062966], [114.8376825, 35.0065609]], [[114.8396472, 35.0061389], [114.8409792, 35.0060338], [114.840946, 35.0057695], [114.8396141, 35.0058746], [114.8396472, 35.0061389]], [[114.840946, 35.0057695], [114.842278, 35.0056644], [114.8422448, 35.0054001], [114.8409129, 35.0055052], [114.840946, 35.0057695]], [[114.8499032, 35.0047953], [114.8502362, 35.0047689], [114.850203, 35.0045047], [114.8498701, 35.004531], [114.8499032, 35.0047953]], [[114.8441764, 35.0047138], [114.8445094, 35.0046875], [114.8444763, 35.0044232], [114.8441433, 35.0044495], [114.8441764, 35.0047138]], [[114.8454752, 35.0043443], [114.8458082, 35.004318], [114.845775, 35.0040537], [114.8454421, 35.00408], [114.8454752, 35.0043443]], [[114.9973164, 34.9898566], [115.0026421, 34.9894293], [115.0026085, 34.989165], [114.9972828, 34.9895923], [114.9973164, 34.9898566]], [[114.9949528, 34.9897792], [114.9972828, 34.9895923], [114.9972492, 34.9893281], [114.9949192, 34.9895149], [114.9949528, 34.9897792]], [[115.0026085, 34.989165], [115.0029413, 34.9891383], [115.0029077, 34.988874], [115.0025748, 34.9889008], [115.0026085, 34.989165]], [[114.9932549, 34.9896484], [114.9949192, 34.9895149], [114.9948855, 34.9892507], [114.9932213, 34.9893841], [114.9932549, 34.9896484]], [[114.991557, 34.9895176], [114.9932213, 34.9893841], [114.9931876, 34.9891199], [114.9915234, 34.9892533], [114.991557, 34.9895176]], [[115.002874, 34.9886098], [115.0032069, 34.9885831], [115.0031732, 34.9883188], [115.0028404, 34.9883456], [115.002874, 34.9886098]], [[114.9848662, 34.9897868], [114.9915234, 34.9892533], [114.9914897, 34.9889891], [114.9848326, 34.9895226], [114.9848662, 34.9897868]], [[114.9775096, 34.990109], [114.9848326, 34.9895226], [114.984799, 34.9892583], [114.977476, 34.9898448], [114.9775096, 34.990109]], [[114.9744802, 34.9900846], [114.977476, 34.9898448], [114.9774425, 34.9895805], [114.9744467, 34.9898203], [114.9744802, 34.9900846]], [[114.9009442, 34.990876], [114.9012771, 34.9908495], [114.9012438, 34.9905853], [114.9009109, 34.9906117], [114.9009442, 34.990876]], [[114.9022425, 34.9905059], [114.9025754, 34.9904795], [114.9025421, 34.9902152], [114.9022092, 34.9902416], [114.9022425, 34.9905059]], [[114.9025421, 34.9902152], [114.902875, 34.9901887], [114.9028416, 34.9899245], [114.9025087, 34.9899509], [114.9025421, 34.9902152]], [[114.9028416, 34.9899245], [114.9031745, 34.989898], [114.9031412, 34.9896338], [114.9028083, 34.9896602], [114.9028416, 34.9899245]], [[114.9031412, 34.9896338], [114.9034741, 34.9896073], [114.9034408, 34.989343], [114.9031079, 34.9893695], [114.9031412, 34.9896338]], [[114.9034408, 34.989343], [114.9037737, 34.9893166], [114.9037404, 34.9890523], [114.9034075, 34.9890788], [114.9034408, 34.989343]], [[114.9037404, 34.9890523], [114.9040732, 34.9890258], [114.9040399, 34.9887616], [114.903707, 34.988788], [114.9037404, 34.9890523]], [[114.9040399, 34.9887616], [114.9043728, 34.9887351], [114.9043395, 34.9884708], [114.9040066, 34.9884973], [114.9040399, 34.9887616]], [[114.9043395, 34.9884708], [114.9046724, 34.9884444], [114.904639, 34.9881801], [114.9043062, 34.9882066], [114.9043395, 34.9884708]], [[114.904639, 34.9881801], [114.9049719, 34.9881537], [114.9049386, 34.9878894], [114.9046057, 34.9879158], [114.904639, 34.9881801]], [[114.9049386, 34.9878894], [114.9052715, 34.9878629], [114.9052048, 34.9873344], [114.904872, 34.9873608], [114.9049386, 34.9878894]], [[114.9052048, 34.9873344], [114.9055377, 34.9873079], [114.9054711, 34.9867794], [114.9051382, 34.9868058], [114.9052048, 34.9873344]], [[114.9054711, 34.9867794], [114.905804, 34.9867529], [114.9057373, 34.9862244], [114.9054044, 34.9862508], [114.9054711, 34.9867794]], [[114.9057373, 34.9862244], [114.9060702, 34.9861979], [114.9060035, 34.9856694], [114.9056707, 34.9856958], [114.9057373, 34.9862244]], [[114.9060035, 34.9856694], [114.9063364, 34.9856429], [114.9062698, 34.9851144], [114.9059369, 34.9851408], [114.9060035, 34.9856694]], [[114.9062698, 34.9851144], [114.9066026, 34.9850879], [114.906536, 34.9845594], [114.9062031, 34.9845858], [114.9062698, 34.9851144]], [[114.9309014, 34.9831541], [114.9312342, 34.9831276], [114.9312008, 34.9828633], [114.930868, 34.9828898], [114.9309014, 34.9831541]], [[114.906536, 34.9845594], [114.9068688, 34.9845329], [114.9067689, 34.9837401], [114.906436, 34.9837665], [114.906536, 34.9845594]], [[114.9305017, 34.9826521], [114.9308346, 34.9826256], [114.9308012, 34.9823613], [114.9304683, 34.9823878], [114.9305017, 34.9826521]], [[115.0133744, 34.9760206], [115.0137072, 34.9759939], [115.0136735, 34.9757296], [115.0133407, 34.9757564], [115.0133744, 34.9760206]], [[114.9301355, 34.9824143], [114.9304683, 34.9823878], [114.9304349, 34.9821235], [114.9301021, 34.9821501], [114.9301355, 34.9824143]], [[115.0136735, 34.9757296], [115.0140063, 34.9757029], [115.0139726, 34.9754387], [115.0136398, 34.9754654], [115.0136735, 34.9757296]], [[114.9297692, 34.9821766], [114.9301021, 34.9821501], [114.9300687, 34.9818858], [114.9297358, 34.9819123], [114.9297692, 34.9821766]], [[115.0139726, 34.9754387], [115.0143054, 34.9754119], [115.0142717, 34.9751477], [115.0139389, 34.9751744], [115.0139726, 34.9754387]], [[114.9067689, 34.9837401], [114.9071017, 34.9837136], [114.9070017, 34.9829208], [114.9066689, 34.9829472], [114.9067689, 34.9837401]], [[114.929403, 34.9819388], [114.9297358, 34.9819123], [114.9297024, 34.981648], [114.9293696, 34.9816746], [114.929403, 34.9819388]], [[115.0142717, 34.9751477], [115.0146045, 34.9751209], [115.0145708, 34.9748567], [115.014238, 34.9748834], [115.0142717, 34.9751477]], [[114.9290367, 34.9817011], [114.9293696, 34.9816746], [114.9293362, 34.9814103], [114.9290033, 34.9814368], [114.9290367, 34.9817011]], [[115.0149036, 34.9748299], [115.0152364, 34.9748032], [115.0152027, 34.9745389], [115.0148699, 34.9745657], [115.0149036, 34.9748299]], [[115.0152027, 34.9745389], [115.0155355, 34.9745122], [115.0155018, 34.9742479], [115.015169, 34.9742747], [115.0152027, 34.9745389]], [[114.9070017, 34.9829208], [114.9073346, 34.9828943], [114.9072346, 34.9821015], [114.9069018, 34.982128], [114.9070017, 34.9829208]], [[114.9286371, 34.9811991], [114.9289699, 34.9811725], [114.9289365, 34.9809083], [114.9286037, 34.9809348], [114.9286371, 34.9811991]], [[115.0155018, 34.9742479], [115.0158346, 34.9742212], [115.0158009, 34.9739569], [115.0154681, 34.9739837], [115.0155018, 34.9742479]], [[115.0161337, 34.9739302], [115.0164665, 34.9739034], [115.0164328, 34.9736392], [115.0161, 34.9736659], [115.0161337, 34.9739302]], [[114.9282375, 34.980697], [114.9285703, 34.9806705], [114.9285369, 34.9804062], [114.9282041, 34.9804328], [114.9282375, 34.980697]], [[115.0167656, 34.9736124], [115.0170983, 34.9735857], [115.0170647, 34.9733214], [115.0167319, 34.9733482], [115.0167656, 34.9736124]], [[115.0177302, 34.9732679], [115.018063, 34.9732412], [115.0180293, 34.9729769], [115.0176965, 34.9730037], [115.0177302, 34.9732679]], [[114.9278378, 34.980195], [114.9281707, 34.9801685], [114.9281373, 34.9799042], [114.9278044, 34.9799307], [114.9278378, 34.980195]], [[115.0183621, 34.9729502], [115.0186949, 34.9729234], [115.0186612, 34.9726592], [115.0183284, 34.9726859], [115.0183621, 34.9729502]], [[114.9274382, 34.979693], [114.927771, 34.9796665], [114.9277376, 34.9794022], [114.9274048, 34.9794287], [114.9274382, 34.979693]], [[114.9270386, 34.979191], [114.9273714, 34.9791644], [114.927338, 34.9789002], [114.9270052, 34.9789267], [114.9270386, 34.979191]], [[114.9266056, 34.9784246], [114.9269384, 34.9783981], [114.926905, 34.9781339], [114.9265722, 34.9781604], [114.9266056, 34.9784246]], [[114.9079332, 34.9796436], [114.9082661, 34.9796172], [114.9082327, 34.9793529], [114.9078999, 34.9793794], [114.9079332, 34.9796436]], [[114.9081994, 34.9790886], [114.9085323, 34.9790622], [114.9084989, 34.9787979], [114.9081661, 34.9788243], [114.9081994, 34.9790886]], [[114.9261726, 34.9776583], [114.9265054, 34.9776318], [114.926472, 34.9773676], [114.9261392, 34.9773941], [114.9261726, 34.9776583]], [[114.9084989, 34.9787979], [114.9088318, 34.9787714], [114.9087984, 34.9785071], [114.9084656, 34.9785336], [114.9084989, 34.9787979]], [[114.9087651, 34.9782429], [114.9090979, 34.9782164], [114.9090646, 34.9779521], [114.9087318, 34.9779786], [114.9087651, 34.9782429]], [[114.9257396, 34.976892], [114.9260724, 34.9768655], [114.926039, 34.9766013], [114.9257062, 34.9766278], [114.9257396, 34.976892]], [[114.9090646, 34.9779521], [114.9093975, 34.9779257], [114.9093641, 34.9776614], [114.9090313, 34.9776879], [114.9090646, 34.9779521]], [[114.92534, 34.97639], [114.9256728, 34.9763635], [114.9256394, 34.9760992], [114.9253066, 34.9761257], [114.92534, 34.97639]], [[114.9093308, 34.9773971], [114.9096636, 34.9773706], [114.9096303, 34.9771064], [114.9092975, 34.9771328], [114.9093308, 34.9773971]], [[114.9096303, 34.9771064], [114.9099631, 34.9770799], [114.9099298, 34.9768156], [114.909597, 34.9768421], [114.9096303, 34.9771064]], [[114.9099298, 34.9768156], [114.9102626, 34.9767892], [114.9102293, 34.9765249], [114.9098965, 34.9765513], [114.9099298, 34.9768156]], [[114.924907, 34.9756237], [114.9252398, 34.9755972], [114.9252064, 34.9753329], [114.9248736, 34.9753594], [114.924907, 34.9756237]], [[114.910196, 34.9762606], [114.9105288, 34.9762341], [114.9104954, 34.9759699], [114.9101626, 34.9759963], [114.910196, 34.9762606]], [[114.9104954, 34.9759699], [114.9108283, 34.9759434], [114.9107949, 34.9756791], [114.9104621, 34.9757056], [114.9104954, 34.9759699]], [[114.9107949, 34.9756791], [114.9111278, 34.9756526], [114.9110944, 34.9753884], [114.9107616, 34.9754148], [114.9107949, 34.9756791]], [[114.9110944, 34.9753884], [114.9114273, 34.9753619], [114.9113939, 34.9750976], [114.9110611, 34.9751241], [114.9110944, 34.9753884]], [[114.9113939, 34.9750976], [114.9117267, 34.9750712], [114.9116934, 34.9748069], [114.9113606, 34.9748333], [114.9113939, 34.9750976]], [[114.9116601, 34.9745426], [114.9119929, 34.9745161], [114.9119596, 34.9742519], [114.9116267, 34.9742783], [114.9116601, 34.9745426]], [[114.9119596, 34.9742519], [114.9122924, 34.9742254], [114.912259, 34.9739611], [114.9119262, 34.9739876], [114.9119596, 34.9742519]], [[114.912259, 34.9739611], [114.9125919, 34.9739346], [114.9125585, 34.9736704], [114.9122257, 34.9736968], [114.912259, 34.9739611]], [[114.9125585, 34.9736704], [114.9128913, 34.9736439], [114.912858, 34.9733796], [114.9125252, 34.9734061], [114.9125585, 34.9736704]], [[114.912858, 34.9733796], [114.9131908, 34.9733531], [114.9131575, 34.9730889], [114.9128246, 34.9731153], [114.912858, 34.9733796]]]}}]}